Cod Cliente;Cliente;Cidade;UF;Região
412;"Kaua Sousa Goncalves";"";"";"Exterior"
542;"Vitór Martins Castro";"";"";"Exterior"
552;"Arthur Cardoso Araujo";"";"";"Exterior"
2102;"Letícia Souza Gomes";"";"";"Exterior"
2112;"Diego Rodrigues Lima";"";"";"Exterior"
2152;"Thiago Alves Almeida";"";"";"Exterior"
2252;"João Almeida Cardoso";"";"";"Exterior"
2312;"Ryan Alves Melo";"";"";"Exterior"
2572;"Isabella Pereira Azevedo";"";"";"Exterior"
2642;"Leonardo Silva Rocha";"";"";"Exterior"
2662;"Melissa Barbosa Ferreira";"";"";"Exterior"
2892;"Caio Ribeiro Correia";"";"";"Exterior"
2922;"Ana Dias Cardoso";"";"";"Exterior"
2932;"Gabriela Rocha Carvalho";"";"";"Exterior"
3082;"Douglas Cardoso Goncalves";"";"";"Exterior"
3172;"Bruna Goncalves Barbosa";"";"";"Exterior"
3182;"Kaua Cunha Lima";"";"";"Exterior"
3192;"Rebeca Correia Barbosa";"";"";"Exterior"
3402;"Miguel Rocha Araujo";"";"";"Exterior"
3412;"Giovana Almeida Barbosa";"";"";"Exterior"
3502;"Sofia Ribeiro Rocha";"";"";"Exterior"
3542;"Paulo Oliveira Correia";"";"";"Exterior"
3752;"Livia Azevedo Goncalves";"";"";"Exterior"
3792;"Matilde Pereira Pinto";"";"";"Exterior"
4022;"Guilherme Lima Cardoso";"";"";"Exterior"
4212;"Eduardo Goncalves Castro";"";"";"Exterior"
4302;"Ana Souza Silva";"";"";"Exterior"
4362;"Luiz Fernandes Castro";"";"";"Exterior"
4392;"Felipe Almeida Santos";"";"";"Exterior"
4452;"Alex Gomes Carvalho";"";"";"Exterior"
4562;"Beatriz Lima Santos";"";"";"Exterior"
4632;"Bruna Lima Souza";"";"";"Exterior"
4682;"Gabriela Castro Azevedo";"";"";"Exterior"
4732;"Luana Silva Santos";"";"";"Exterior"
4882;"Diego Gomes Fernandes";"";"";"Exterior"
4952;"Julia Barros Rodrigues";"";"";"Exterior"
5102;"Clara Sousa Cunha";"";"";"Exterior"
5272;"Arthur Santos Castro";"";"";"Exterior"
5762;"Mateus Castro Souza";"";"";"Exterior"
5892;"Samuel Almeida Sousa";"";"";"Exterior"
6142;"Victor Souza Silva";"";"";"Exterior"
6152;"Amanda Sousa Fernandes";"";"";"Exterior"
6162;"Carla Martins Sousa";"";"";"Exterior"
6172;"Alex Rocha Almeida";"";"";"Exterior"
6182;"Lara Gomes Sousa";"";"";"Exterior"
6192;"Emilly Cavalcanti Almeida";"";"";"Exterior"
6212;"Renan Rocha Azevedo";"";"";"Exterior"
6222;"Gabriela Barros Ferreira";"";"";"Exterior"
6232;"Emilly Ribeiro Pinto";"";"";"Exterior"
6242;"André Oliveira Sousa";"";"";"Exterior"
6252;"Paulo Cunha Gomes";"";"";"Exterior"
6282;"Sofia Oliveira Almeida";"";"";"Exterior"
6292;"Victor Goncalves Lima";"";"";"Exterior"
6322;"Miguel Alves Melo";"";"";"Exterior"
6632;"Gabrielle Barbosa Cardoso";"";"";"Exterior"
6802;"Rafael Martins Santos";"";"";"Exterior"
6912;"Ryan Castro Cavalcanti";"";"";"Exterior"
7112;"Manuela Lima Fernandes";"";"";"Exterior"
7142;"Kauan Correia Alves";"";"";"Exterior"
7202;"Danilo Araujo Azevedo";"";"";"Exterior"
7212;"Clara Barbosa Dias";"";"";"Exterior"
7402;"Marcos Goncalves Santos";"";"";"Exterior"
7512;"Mateus Sousa Santos";"";"";"Exterior"
7692;"Emily Carvalho Fernandes";"";"";"Exterior"
8092;"Marcos Cavalcanti Ferreira";"";"";"Exterior"
8242;"Giovana Souza Rodrigues";"";"";"Exterior"
8322;"Tomás Ribeiro Barros";"";"";"Exterior"
8362;"Vitor Rodrigues Goncalves";"";"";"Exterior"
8412;"Sophia Sousa Oliveira";"";"";"Exterior"
8672;"Tânia Carvalho Fernandes";"";"";"Exterior"
8692;"Diogo Souza Fernandes";"";"";"Exterior"
8732;"Gabriel Sousa Castro";"";"";"Exterior"
8742;"Carlos Silva Cunha";"";"";"Exterior"
8752;"Daniel Fernandes Correia";"";"";"Exterior"
8762;"Murilo Souza Barbosa";"";"";"Exterior"
8772;"Sophia Souza Araujo";"";"";"Exterior"
8782;"Thiago Gomes Rodrigues";"";"";"Exterior"
8792;"Leonor Souza Rocha";"";"";"Exterior"
8802;"Kaua Sousa Goncalves";"";"";"Exterior"
8812;"Vitor Cavalcanti Carvalho";"";"";"Exterior"
8822;"Mariana Melo Oliveira";"";"";"Exterior"
8932;"Arthur Cardoso Araujo";"";"";"Exterior"
8982;"Pedro Ribeiro Barbosa";"";"";"Exterior"
9042;"Erick Araujo Rodrigues";"";"";"Exterior"
9052;"Bruno Rocha Almeida";"";"";"Exterior"
9072;"Rafael Dias Almeida";"";"";"Exterior"
9082;"Tomás Goncalves Azevedo";"";"";"Exterior"
9102;"André Carvalho Cunha";"";"";"Exterior"
9132;"Daniel Correia Melo";"";"";"Exterior"
9142;"Raissa Carvalho Souza";"";"";"Exterior"
9162;"Victor Fernandes Alves";"";"";"Exterior"
9212;"Miguel Dias Ferreira";"";"";"Exterior"
9222;"Pedro Araujo Barros";"";"";"Exterior"
9252;"Fábio Barros Alves";"";"";"Exterior"
9282;"Yasmin Almeida Cunha";"";"";"Exterior"
9312;"Otávio Ferreira Correia";"";"";"Exterior"
9332;"Isabella Cavalcanti Souza";"";"";"Exterior"
9362;"Mariana Souza Santos";"";"";"Exterior"
9412;"Eduarda Pereira Oliveira";"";"";"Exterior"
9462;"Renan Dias Silva";"";"";"Exterior"
9472;"Gabriela Pinto Lima";"";"";"Exterior"
9502;"Davi Rocha Lima";"";"";"Exterior"
9512;"Gabrielle Ferreira Lima";"";"";"Exterior"
9532;"Enzo Martins Pereira";"";"";"Exterior"
9552;"Raissa Correia Carvalho";"";"";"Exterior"
9562;"Anna Costa Souza";"";"";"Exterior"
9572;"Emilly Santos Gomes";"";"";"Exterior"
9592;"Arthur Cavalcanti Ribeiro";"";"";"Exterior"
9602;"Julian Castro Rodrigues";"";"";"Exterior"
9612;"Julia Goncalves Silva";"";"";"Exterior"
9632;"Kai Rocha Souza";"";"";"Exterior"
9642;"Rebeca Dias Rodrigues";"";"";"Exterior"
9652;"Otávio Azevedo Alves";"";"";"Exterior"
9672;"João Alves Martins";"";"";"Exterior"
9682;"Giovana Pinto Sousa";"";"";"Exterior"
9712;"Sophia Sousa Cavalcanti";"";"";"Exterior"
9722;"Gabriela Barros Santos";"";"";"Exterior"
9732;"Camila Carvalho Cardoso";"";"";"Exterior"
9752;"Beatriz Pereira Martins";"";"";"Exterior"
9782;"Marina Dias Goncalves";"";"";"Exterior"
9802;"Luís Rocha Dias";"";"";"Exterior"
9812;"Vitor Ferreira Souza";"";"";"Exterior"
9842;"Sofia Pereira Araujo";"";"";"Exterior"
9862;"Gabrielle Ferreira Cavalcanti";"";"";"Exterior"
9882;"Mariana Lima Goncalves";"";"";"Exterior"
9902;"Livia Souza Martins";"";"";"Exterior"
9912;"Guilherme Souza Silva";"";"";"Exterior"
9922;"Paulo Cunha Almeida";"";"";"Exterior"
9952;"Júlio Azevedo Sousa";"";"";"Exterior"
9962;"Luis Fernandes Oliveira";"";"";"Exterior"
10002;"Igor Souza Gomes";"";"";"Exterior"
10032;"Gabriela Carvalho Cardoso";"";"";"Exterior"
10042;"Brenda Sousa Costa";"";"";"Exterior"
10062;"Eduarda Lima Carvalho";"";"";"Exterior"
10092;"Sarah Lima Rodrigues";"";"";"Exterior"
10102;"Marcos Pinto Goncalves";"";"";"Exterior"
10112;"Julia Lima Azevedo";"";"";"Exterior"
10122;"Emily Cardoso Goncalves";"";"";"Exterior"
10142;"Amanda Carvalho Rocha";"";"";"Exterior"
10162;"Gustavo Cunha Rodrigues";"";"";"Exterior"
10172;"Marcos Alves Araujo";"";"";"Exterior"
10182;"Ágatha Sousa Souza";"";"";"Exterior"
10202;"Rafael Rodrigues Ribeiro";"";"";"Exterior"
10212;"Lara Carvalho Correia";"";"";"Exterior"
10242;"Carolina Alves Cavalcanti";"";"";"Exterior"
10252;"Julia Fernandes Sousa";"";"";"Exterior"
10272;"Samuel Dias Lima";"";"";"Exterior"
10282;"Júlio Oliveira Pinto";"";"";"Exterior"
10352;"Lara Pereira Sousa";"";"";"Exterior"
10382;"Laura Barbosa Ferreira";"";"";"Exterior"
10402;"Arthur Barbosa Rocha";"";"";"Exterior"
10442;"Lucas Correia Cardoso";"";"";"Exterior"
10462;"Julian Oliveira Araujo";"";"";"Exterior"
10472;"Samuel Alves Rocha";"";"";"Exterior"
10502;"Diego Rodrigues Lima";"";"";"Exterior"
10542;"Thiago Alves Almeida";"";"";"Exterior"
10552;"Miguel Castro Barbosa";"";"";"Exterior"
10572;"Nicole Cunha Azevedo";"";"";"Exterior"
10582;"Miguel Araujo Silva";"";"";"Exterior"
10592;"Douglas Castro Alves";"";"";"Exterior"
10622;"Matilde Gomes Goncalves";"";"";"Exterior"
10632;"Raissa Santos Araujo";"";"";"Exterior"
10672;"Gabriela Rocha Araujo";"";"";"Exterior"
10682;"João Costa Santos";"";"";"Exterior"
10692;"Vitoria Almeida Carvalho";"";"";"Exterior"
10752;"Enzo Sousa Rodrigues";"";"";"Exterior"
10762;"Isabella Barbosa Castro";"";"";"Exterior"
10782;"Isabella Dias Fernandes";"";"";"Exterior"
10802;"Sarah Sousa Araujo";"";"";"Exterior"
10812;"Carla Carvalho Pinto";"";"";"Exterior"
10822;"Giovanna Fernandes Araujo";"";"";"Exterior"
10842;"Giovana Araujo Cavalcanti";"";"";"Exterior"
10912;"Ana Santos Carvalho";"";"";"Exterior"
10922;"Anna Fernandes Silva";"";"";"Exterior"
10972;"Diogo Fernandes Almeida";"";"";"Exterior"
10982;"Emilly Almeida Dias";"";"";"Exterior"
11152;"Sarah Dias Rocha";"";"";"Exterior"
11162;"Nicolash Oliveira Santos";"";"";"Exterior"
11172;"Evelyn Almeida Ribeiro";"";"";"Exterior"
11212;"Murilo Costa Alves";"";"";"Exterior"
11272;"Guilherme Sousa Cardoso";"";"";"Exterior"
11302;"Daniel Oliveira Cunha";"";"";"Exterior"
11362;"Martim Correia Araujo";"";"";"Exterior"
11442;"Kauã Costa Almeida";"";"";"Exterior"
11472;"Marisa Carvalho Ferreira";"";"";"Exterior"
11482;"Ryan Gomes Cunha";"";"";"Exterior"
11492;"Rodrigo Rodrigues Melo";"";"";"Exterior"
11502;"Larissa Santos Rodrigues";"";"";"Exterior"
11572;"João Fernandes Rodrigues";"";"";"Exterior"
11642;"Renan Barros Ribeiro";"";"";"Exterior"
11652;"Matilde Ribeiro Silva";"";"";"Exterior"
11742;"Mariana Rodrigues Azevedo";"";"";"Exterior"
11802;"Joao Rodrigues Souza";"";"";"Exterior"
11822;"Laura Melo Oliveira";"";"";"Exterior"
11832;"Camila Barbosa Azevedo";"";"";"Exterior"
11892;"Samuel Santos Souza";"";"";"Exterior"
11922;"Gustavo Pereira Dias";"";"";"Exterior"
11932;"Bianca Cunha Souza";"";"";"Exterior"
11952;"Erick Barbosa Fernandes";"";"";"Exterior"
12002;"Victor Azevedo Rocha";"";"";"Exterior"
12022;"Bianca Ferreira Gomes";"";"";"Exterior"
12062;"Matilde Martins Sousa";"";"";"Exterior"
12072;"Daniel Pereira Barbosa";"";"";"Exterior"
12082;"Livia Azevedo Goncalves";"";"";"Exterior"
12112;"Rebeca Pinto Melo";"";"";"Exterior"
12142;"Carolina Barbosa Martins";"";"";"Exterior"
12162;"Emilly Goncalves Almeida";"";"";"Exterior"
12172;"Rafaela Gomes Silva";"";"";"Exterior"
12192;"Julia Alves Ribeiro";"";"";"Exterior"
12242;"Isabela Carvalho Cavalcanti";"";"";"Exterior"
12252;"Ágatha Costa Carvalho";"";"";"Exterior"
12262;"Vitór Ribeiro Barbosa";"";"";"Exterior"
12272;"Vinicius Lima Dias";"";"";"Exterior"
12422;"Daniel Sousa Pereira";"";"";"Exterior"
12452;"Bruna Silva Almeida";"";"";"Exterior"
12552;"Vitoria Rocha Cavalcanti";"";"";"Exterior"
12612;"Vinicius Barros Dias";"";"";"Exterior"
12632;"Bruno Ribeiro Cunha";"";"";"Exterior"
12672;"Luiz Fernandes Castro";"";"";"Exterior"
12732;"Marisa Carvalho Gomes";"";"";"Exterior"
12752;"Leila Pereira Costa";"";"";"Exterior"
12792;"Luiz Ribeiro Goncalves";"";"";"Exterior"
12832;"Carlos Sousa Souza";"";"";"Exterior"
12982;"André Pereira Almeida";"";"";"Exterior"
13072;"Vitoria Cardoso Silva";"";"";"Exterior"
13092;"Luan Gomes Almeida";"";"";"Exterior"
13122;"Emilly Sousa Ribeiro";"";"";"Exterior"
13132;"Sophia Pereira Cavalcanti";"";"";"Exterior"
13162;"Thiago Costa Rocha";"";"";"Exterior"
13172;"Gabriela Castro Rocha";"";"";"Exterior"
13202;"Estevan Santos Fernandes";"";"";"Exterior"
13242;"Manuela Barros Azevedo";"";"";"Exterior"
13282;"Letícia Gomes Souza";"";"";"Exterior"
13302;"Leila Sousa Correia";"";"";"Exterior"
13332;"Clara Sousa Cunha";"";"";"Exterior"
13432;"Beatriz Alves Gomes";"";"";"Exterior"
13452;"Aline Cavalcanti Correia";"";"";"Exterior"
13522;"Yasmin Gomes Azevedo";"";"";"Exterior"
13562;"Julia Oliveira Castro";"";"";"Exterior"
13652;"Sophia Azevedo Cardoso";"";"";"Exterior"
13712;"Vinicius Martins Oliveira";"";"";"Exterior"
13732;"Beatrice Souza Sousa";"";"";"Exterior"
13762;"Tânia Almeida Fernandes";"";"";"Exterior"
13782;"Rodrigo Barbosa Azevedo";"";"";"Exterior"
13842;"Beatrice Araujo Silva";"";"";"Exterior"
13902;"Miguel Carvalho Melo";"";"";"Exterior"
13942;"Ana Azevedo Souza";"";"";"Exterior"
13952;"Eduarda Ferreira Goncalves";"";"";"Exterior"
13962;"Rodrigo Alves Cardoso";"";"";"Exterior"
13982;"Mateus Castro Souza";"";"";"Exterior"
14012;"Estevan Pinto Oliveira";"";"";"Exterior"
14112;"Alice Pinto Castro";"";"";"Exterior"
14132;"Mateus Rocha Silva";"";"";"Exterior"
14142;"Kai Alves Azevedo";"";"";"Exterior"
14172;"Amanda Almeida Gomes";"";"";"Exterior"
14262;"Thiago Melo Ribeiro";"";"";"Exterior"
14272;"Gabrielle Goncalves Melo";"";"";"Exterior"
14282;"Rebeca Cavalcanti Pinto";"";"";"Exterior"
14312;"Fábio Barros Silva";"";"";"Exterior"
14332;"Marina Alves Cunha";"";"";"Exterior"
14392;"Lara Gomes Sousa";"";"";"Exterior"
14432;"Gabriela Barros Ferreira";"";"";"Exterior"
14442;"Emilly Ribeiro Pinto";"";"";"Exterior"
14452;"André Oliveira Sousa";"";"";"Exterior"
14482;"Miguel Goncalves Carvalho";"";"";"Exterior"
14502;"Victor Goncalves Lima";"";"";"Exterior"
14512;"Isabela Costa Martins";"";"";"Exterior"
14552;"Amanda Martins Ferreira";"";"";"Exterior"
14562;"Nicolas Cavalcanti Castro";"";"";"Exterior"
14582;"Leonor Ribeiro Goncalves";"";"";"Exterior"
14632;"Sarah Santos Ferreira";"";"";"Exterior"
14662;"Melissa Araujo Correia";"";"";"Exterior"
14702;"Thaís Azevedo Rocha";"";"";"Exterior"
14712;"Lucas Carvalho Santos";"";"";"Exterior"
14762;"Bianca Rodrigues Azevedo";"";"";"Exterior"
14772;"Sarah Almeida Azevedo";"";"";"Exterior"
14782;"Miguel Araujo Dias";"";"";"Exterior"
14892;"Alice Araujo Ferreira";"";"";"Exterior"
14912;"Raissa Pinto Costa";"";"";"Exterior"
14962;"Diogo Correia Castro";"";"";"Exterior"
14992;"Guilherme Almeida Fernandes";"";"";"Exterior"
15022;"Kauã Almeida Oliveira";"";"";"Exterior"
15032;"Emilly Sousa Cunha";"";"";"Exterior"
15042;"Vitór Cunha Alves";"";"";"Exterior"
15072;"Estevan Melo Gomes";"";"";"Exterior"
15112;"Ryan Castro Cavalcanti";"";"";"Exterior"
15122;"Luana Santos Ferreira";"";"";"Exterior"
15152;"Alice Ribeiro Rodrigues";"";"";"Exterior"
15182;"Nicolas Correia Cardoso";"";"";"Exterior"
15192;"Matilde Santos Ribeiro";"";"";"Exterior"
15212;"Carlos Costa Pereira";"";"";"Exterior"
15262;"Giovanna Martins Cavalcanti";"";"";"Exterior"
15322;"Kauã Silva Rodrigues";"";"";"Exterior"
15352;"Marcos Lima Martins";"";"";"Exterior"
15402;"Bruno Silva Souza";"";"";"Exterior"
15442;"Danilo Araujo Azevedo";"";"";"Exterior"
15482;"Gabriela Lima Pereira";"";"";"Exterior"
15492;"Julieta Rodrigues Goncalves";"";"";"Exterior"
15542;"Brenda Almeida Barros";"";"";"Exterior"
15572;"Kaua Melo Carvalho";"";"";"Exterior"
15592;"Rafael Cavalcanti Rocha";"";"";"Exterior"
15602;"Lucas Pinto Lima";"";"";"Exterior"
15612;"Renan Martins Costa";"";"";"Exterior"
15642;"Rebeca Costa Pereira";"";"";"Exterior"
15672;"Leonardo Alves Oliveira";"";"";"Exterior"
15682;"Luís Alves Cardoso";"";"";"Exterior"
15692;"Davi Alves Azevedo";"";"";"Exterior"
15712;"Bruno Pinto Goncalves";"";"";"Exterior"
15742;"José Cardoso Rodrigues";"";"";"Exterior"
15752;"Sofia Rocha Almeida";"";"";"Exterior"
15772;"Mateus Sousa Santos";"";"";"Exterior"
15802;"Luana Oliveira Souza";"";"";"Exterior"
15862;"Kauê Ferreira Cunha";"";"";"Exterior"
15872;"Giovanna Sousa Dias";"";"";"Exterior"
15892;"Gabriel Oliveira Souza";"";"";"Exterior"
15902;"Fernanda Fernandes Gomes";"";"";"Exterior"
16032;"Beatrice Souza Alves";"";"";"Exterior"
16072;"Larissa Lima Melo";"";"";"Exterior"
16092;"Erick Dias Melo";"";"";"Exterior"
16122;"Giovana Goncalves Lima";"";"";"Exterior"
16132;"Carolina Gomes Barros";"";"";"Exterior"
16212;"Melissa Barbosa Araujo";"";"";"Exterior"
16232;"Anna Carvalho Lima";"";"";"Exterior"
16272;"Diego Rodrigues Barros";"";"";"Exterior"
16312;"Igor Rocha Barros";"";"";"Exterior"
16342;"Rebeca Cunha Correia";"";"";"Exterior"
16402;"Diego Cardoso Ferreira";"";"";"Exterior"
16412;"Carlos Rocha Araujo";"";"";"Exterior"
16442;"Melissa Cavalcanti Rocha";"";"";"Exterior"
16492;"Clara Rodrigues Dias";"";"";"Exterior"
16512;"Lucas Santos Alves";"";"";"Exterior"
16522;"Letícia Lima Costa";"";"";"Exterior"
16532;"Erick Azevedo Dias";"";"";"Exterior"
16572;"Enzo Lima Cardoso";"";"";"Exterior"
16582;"Rafaela Costa Martins";"";"";"Exterior"
16622;"Rebeca Carvalho Santos";"";"";"Exterior"
16632;"Amanda Goncalves Souza";"";"";"Exterior"
16652;"Sophia Sousa Oliveira";"";"";"Exterior"
16672;"Sofia Costa Cardoso";"";"";"Exterior"
16702;"Luis Lima Ferreira";"";"";"Exterior"
16712;"Kaua Lima Araujo";"";"";"Exterior"
16722;"Júlio Almeida Silva";"";"";"Exterior"
16752;"Ágatha Fernandes Oliveira";"";"";"Exterior"
16792;"Kaua Carvalho Almeida";"";"";"Exterior"
16802;"Isabela Correia Goncalves";"";"";"Exterior"
16842;"Kaua Costa Cavalcanti";"";"";"Exterior"
16922;"Diogo Souza Fernandes";"";"";"Exterior"
16942;"Antônio Gomes Barbosa";"";"";"Exterior"
16952;"Rebeca Alves Sousa";"";"";"Exterior"
16962;"Gabriel Sousa Castro";"";"";"Exterior"
16982;"Daniel Fernandes Correia";"";"";"Exterior"
16992;"Murilo Souza Barbosa";"";"";"Exterior"
17012;"Thiago Gomes Rodrigues";"";"";"Exterior"
17022;"Leonor Souza Rocha";"";"";"Exterior"
17052;"Mariana Melo Oliveira";"";"";"Exterior"
17082;"Tomás Correia Dias";"";"";"Exterior"
17102;"Gabriela Lima Correia";"";"";"Exterior"
17152;"Beatrice Rodrigues Lima";"";"";"Exterior"
17172;"Arthur Cardoso Araujo";"";"";"Exterior"
17182;"Marisa Dias Ribeiro";"";"";"Exterior"
17192;"Vitoria Sousa Correia";"";"";"Exterior"
17212;"Kaua Cardoso Silva";"";"";"Exterior"
17252;"Vinícius Costa Cunha";"";"";"Exterior"
17272;"Amanda Almeida Dias";"";"";"Exterior"
17302;"Marina Martins Barros";"";"";"Exterior"
17332;"Tomás Goncalves Azevedo";"";"";"Exterior"
17352;"André Carvalho Cunha";"";"";"Exterior"
17412;"Victor Fernandes Alves";"";"";"Exterior"
17422;"Clara Carvalho Souza";"";"";"Exterior"
17462;"Miguel Dias Ferreira";"";"";"Exterior"
17482;"Julia Lima Dias";"";"";"Exterior"
17492;"Gabriela Carvalho Lima";"";"";"Exterior"
17512;"Tiago Cavalcanti Martins";"";"";"Exterior"
17542;"Bianca Castro Ribeiro";"";"";"Exterior"
17562;"Otávio Ferreira Correia";"";"";"Exterior"
17572;"André Barros Carvalho";"";"";"Exterior"
17582;"Isabella Cavalcanti Souza";"";"";"Exterior"
17592;"Giovana Barros Goncalves";"";"";"Exterior"
17632;"Felipe Cavalcanti Melo";"";"";"Exterior"
17652;"Luana Silva Martins";"";"";"Exterior"
17742;"Ágatha Melo Sousa";"";"";"Exterior"
17772;"André Gomes Dias";"";"";"Exterior"
17802;"Danilo Almeida Cavalcanti";"";"";"Exterior"
17842;"André Lima Oliveira";"";"";"Exterior"
17872;"Julia Goncalves Silva";"";"";"Exterior"
17882;"Breno Pereira Sousa";"";"";"Exterior"
17902;"Rebeca Dias Rodrigues";"";"";"Exterior"
17912;"Otávio Azevedo Alves";"";"";"Exterior"
17932;"Giovana Rodrigues Silva";"";"";"Exterior"
17942;"João Alves Martins";"";"";"Exterior"
17962;"Kauã Cardoso Oliveira";"";"";"Exterior"
17982;"Sophia Sousa Cavalcanti";"";"";"Exterior"
18022;"Beatriz Pereira Martins";"";"";"Exterior"
18032;"Breno Almeida Costa";"";"";"Exterior"
18062;"Yasmin Costa Pinto";"";"";"Exterior"
18082;"Vitor Ferreira Souza";"";"";"Exterior"
18162;"Lara Melo Costa";"";"";"Exterior"
18172;"Livia Souza Martins";"";"";"Exterior"
18192;"Paulo Cunha Almeida";"";"";"Exterior"
18222;"Júlio Azevedo Sousa";"";"";"Exterior"
18232;"Luis Fernandes Oliveira";"";"";"Exterior"
18252;"Rebeca Melo Cunha";"";"";"Exterior"
18262;"Ryan Dias Rocha";"";"";"Exterior"
18272;"Igor Souza Gomes";"";"";"Exterior"
18312;"Carlos Santos Melo";"";"";"Exterior"
18352;"Sarah Lima Rodrigues";"";"";"Exterior"
18362;"Marcos Pinto Goncalves";"";"";"Exterior"
18392;"Emily Cardoso Goncalves";"";"";"Exterior"
18452;"Rebeca Barbosa Araujo";"";"";"Exterior"
18492;"Laura Correia Azevedo";"";"";"Exterior"
18502;"Carolina Alves Cavalcanti";"";"";"Exterior"
18542;"Daniel Silva Castro";"";"";"Exterior"
18562;"Julian Lima Martins";"";"";"Exterior"
18572;"Rafaela Rodrigues Azevedo";"";"";"Exterior"
22;"Sofia Costa Cardoso";"MACEIO";"AL";"NE"
32;"Leonor Goncalves Castro";"MACEIO";"AL";"NE"
42;"Julia Lima Alves";"MACEIO";"AL";"NE"
52;"Luis Lima Ferreira";"MACEIO";"AL";"NE"
72;"Júlio Almeida Silva";"MACEIO";"AL";"NE"
92;"Renan Santos Alves";"MACEIO";"AL";"NE"
112;"Bianca Alves Sousa";"MACEIO";"AL";"NE"
122;"Manuela Sousa Gomes";"MACEIO";"AL";"NE"
292;"Júlio Carvalho Sousa";"SALVADOR";"BA";"NE"
342;"Gabriel Sousa Castro";"SALVADOR";"BA";"NE"
372;"Murilo Souza Barbosa";"SALVADOR";"BA";"NE"
392;"Thiago Gomes Rodrigues";"SALVADOR";"BA";"NE"
402;"Leonor Souza Rocha";"SALVADOR";"BA";"NE"
422;"Vitor Cavalcanti Carvalho";"SALVADOR";"BA";"NE"
432;"Mariana Melo Oliveira";"SALVADOR";"BA";"NE"
452;"Beatriz Almeida Fernandes";"SALVADOR";"BA";"NE"
492;"Gabriela Lima Correia";"SALVADOR";"BA";"NE"
512;"Sarah Alves Goncalves";"FORTALEZA";"CE";"NE"
522;"Igor Correia Carvalho";"SALVADOR";"BA";"NE"
532;"Beatrice Rodrigues Lima";"SALVADOR";"BA";"NE"
572;"Vitoria Sousa Correia";"FORTALEZA";"CE";"NE"
582;"Kauan Araujo Cardoso";"SALVADOR";"BA";"NE"
602;"Pedro Ribeiro Barbosa";"SALVADOR";"BA";"NE"
612;"Vitór Melo Azevedo";"FORTALEZA";"CE";"NE"
632;"Vinícius Costa Cunha";"SALVADOR";"BA";"NE"
642;"Diego Araujo Lima";"FORTALEZA";"CE";"NE"
672;"Bruno Rocha Almeida";"FORTALEZA";"CE";"NE"
712;"Carolina Almeida Castro";"FORTALEZA";"CE";"NE"
732;"Paulo Cardoso Martins";"FORTALEZA";"CE";"NE"
762;"Raissa Carvalho Souza";"FORTALEZA";"CE";"NE"
802;"Marisa Sousa Cardoso";"FORTALEZA";"CE";"NE"
842;"Pedro Araujo Barros";"FORTALEZA";"CE";"NE"
872;"Fábio Barros Alves";"FORTALEZA";"CE";"NE"
902;"Yasmin Almeida Cunha";"FORTALEZA";"CE";"NE"
912;"Bianca Castro Ribeiro";"FORTALEZA";"CE";"NE"
922;"Tânia Fernandes Rodrigues";"VITORIA DE SANTO ANTAO";"PE";"NE"
942;"André Barros Carvalho";"FORTALEZA";"CE";"NE"
972;"Giovanna Cunha Melo";"FORTALEZA";"CE";"NE"
992;"Matilde Dias Cardoso";"TEIXEIRA DE FREITAS";"BA";"NE"
1132;"Ágatha Melo Sousa";"JOAO PESSOA";"PB";"NE"
1152;"Gabrielle Ferreira Lima";"LAURO DE FREITAS";"BA";"NE"
1202;"Anna Costa Souza";"CAMPINA GRANDE";"PB";"NE"
1242;"Julian Castro Rodrigues";"CAICO";"RN";"NE"
1252;"Julia Goncalves Silva";"CAMPINA GRANDE";"PB";"NE"
1282;"Rebeca Dias Rodrigues";"CAMPINA GRANDE";"PB";"NE"
1292;"Otávio Azevedo Alves";"CAMPINA GRANDE";"PB";"NE"
1332;"Kauã Cardoso Oliveira";"CAMACARI";"BA";"NE"
1352;"Sophia Sousa Cavalcanti";"CAMPINA GRANDE";"PB";"NE"
1362;"Gabriela Barros Santos";"CAMPINA GRANDE";"PB";"NE"
1392;"Beatriz Pereira Martins";"CAMPINA GRANDE";"PB";"NE"
1422;"Marina Dias Goncalves";"IPIRÁ";"BA";"NE"
1452;"Vitor Ferreira Souza";"IMPERATRIZ";"MA";"NE"
1482;"Sofia Pereira Araujo";"IMPERATRIZ";"MA";"NE"
1492;"Gabrielly Barros Goncalves";"IPIRÁ";"BA";"NE"
1522;"Mariana Lima Goncalves";"ITABERABA";"BA";"NE"
1552;"Guilherme Souza Silva";"RECIFE";"PE";"NE"
1562;"Paulo Cunha Almeida";"IMPERATRIZ";"MA";"NE"
1602;"Luis Fernandes Oliveira";"ITABAIANA";"SE";"NE"
1632;"Ryan Dias Rocha";"INDEPENDENCIA";"CE";"NE"
1652;"Breno Lima Martins";"ITABUNA";"BA";"NE"
1662;"Gabriela Carvalho Cardoso";"ITABUNA";"BA";"NE"
1722;"Estevan Dias Cardoso";"ITABERABA";"BA";"NE"
1772;"Isabela Carvalho Rodrigues";"IMPERATRIZ";"MA";"NE"
1782;"Amanda Carvalho Rocha";"ITAPECURU MIRIM";"MA";"NE"
1802;"Marcos Alves Araujo";"TERESINA";"PI";"NE"
1872;"Carolina Alves Cavalcanti";"JOAO PESSOA";"PB";"NE"
1932;"Julian Lima Martins";"CAMOCIM";"CE";"NE"
1962;"Lara Pereira Sousa";"RECIFE";"PE";"NE"
2032;"Amanda Melo Souza";"MACEIO";"AL";"NE"
2372;"Isabella Barbosa Castro";"RECIFE";"PE";"NE"
2682;"Fábio Oliveira Castro";"FORTALEZA";"CE";"NE"
2722;"Murilo Martins Pereira";"RECIFE";"PE";"NE"
2732;"Leonor Martins Pereira";"FORTALEZA";"CE";"NE"
2802;"Evelyn Almeida Ribeiro";"BRUMADO";"BA";"NE"
2952;"Gabrielle Dias Souza";"CAMPINA GRANDE";"PB";"NE"
3062;"Sofia Castro Araujo";"NATAL";"RN";"NE"
3142;"Larissa Santos Rodrigues";"FORTALEZA";"CE";"NE"
3232;"Felipe Rocha Azevedo";"RECIFE";"PE";"NE"
3312;"Evelyn Pereira Azevedo";"RECIFE";"PE";"NE"
3342;"Marisa Almeida Cavalcanti";"BRUMADO";"BA";"NE"
3432;"Yasmin Ribeiro Gomes";"PICOS";"PI";"NE"
3512;"Douglas Cardoso Cunha";"GARANHUNS";"PE";"NE"
3642;"Mariana Correia Pinto";"ESPERANTINA";"PI";"NE"
3732;"Matilde Martins Sousa";"CAMPINA GRANDE";"PB";"NE"
3842;"Carolina Barbosa Martins";"NATAL";"RN";"NE"
3852;"Mariana Castro Cunha";"FORTALEZA";"CE";"NE"
3962;"Isabela Carvalho Cavalcanti";"BRUMADO";"BA";"NE"
4042;"Kauan Costa Ferreira";"NATAL";"RN";"NE"
4232;"Luis Pereira Santos";"NATAL";"RN";"NE"
4242;"Brenda Goncalves Dias";"NATAL";"RN";"NE"
4372;"Carolina Azevedo Goncalves";"NATAL";"RN";"NE"
4382;"Victor Ribeiro Carvalho";"CAMOCIM";"CE";"NE"
4512;"Carlos Sousa Souza";"CAMACARI";"BA";"NE"
4662;"Diego Azevedo Cardoso";"CABO DE SANTO AGOSTINHO";"PE";"NE"
4672;"Beatrice Santos Rodrigues";"CAMPINA GRANDE";"PB";"NE"
4702;"Murilo Rodrigues Costa";"BRUMADO";"BA";"NE"
4792;"Sophia Pereira Cavalcanti";"SOBRAL";"CE";"NE"
4992;"Melissa Dias Oliveira";"IMPERATRIZ";"MA";"NE"
5082;"Julieta Barbosa Castro";"RECIFE";"PE";"NE"
5642;"Fábio Pinto Lima";"EUNÁPOLIS";"BA";"NE"
5702;"Antônio Souza Gomes";"SALVADOR";"BA";"NE"
5722;"Eduarda Ferreira Goncalves";"SALVADOR";"BA";"NE"
5752;"Kauan Barros Correia";"SALVADOR";"BA";"NE"
5782;"Victor Castro Cardoso";"NATAL";"RN";"NE"
5792;"Estevan Pinto Oliveira";"FORTALEZA";"CE";"NE"
5812;"André Carvalho Barbosa";"SALVADOR";"BA";"NE"
5822;"Carlos Gomes Alves";"FORTALEZA";"CE";"NE"
5832;"Vitória Barbosa Gomes";"SALVADOR";"BA";"NE"
5842;"Leila Melo Correia";"SALVADOR";"BA";"NE"
5912;"Marina Melo Ribeiro";"SALVADOR";"BA";"NE"
5932;"Kai Alves Azevedo";"SALVADOR";"BA";"NE"
5952;"Kauê Sousa Cardoso";"FORTALEZA";"CE";"NE"
5972;"Raissa Melo Souza";"SALVADOR";"BA";"NE"
6052;"Thiago Melo Ribeiro";"FORTALEZA";"CE";"NE"
6102;"Lara Barbosa Santos";"SANTO ANTONIO DE JESUS";"BA";"NE"
6312;"Brenda Barros Santos";"FORTALEZA";"CE";"NE"
6362;"Danilo Carvalho Azevedo";"FORTALEZA";"CE";"NE"
6432;"Camila Barbosa Rocha";"ITAPIPOCA";"CE";"NE"
6442;"Marisa Santos Barros";"ITABAIANA";"SE";"NE"
6462;"Tiago Sousa Pereira";"SALVADOR";"BA";"NE"
6502;"Lucas Carvalho Santos";"RECIFE";"PE";"NE"
6522;"Victor Carvalho Gomes";"RECIFE";"PE";"NE"
6562;"Miguel Araujo Dias";"SALVADOR";"BA";"NE"
6602;"Douglas Carvalho Ribeiro";"RECIFE";"PE";"NE"
6702;"Raissa Pinto Costa";"FORTALEZA";"CE";"NE"
6712;"José Costa Gomes";"ITAPECURU MIRIM";"MA";"NE"
6762;"Diogo Correia Castro";"ITAPETINGA";"BA";"NE"
7492;"Sofia Rocha Almeida";"SALVADOR";"BA";"NE"
7502;"Sophia Almeida Castro";"RECIFE";"PE";"NE"
7592;"Giovana Cavalcanti Rocha";"RECIFE";"PE";"NE"
7602;"Kauê Ferreira Cunha";"PALMEIRA DOS INDIOS";"AL";"NE"
8052;"Davi Sousa Martins";"FORTALEZA";"CE";"NE"
8122;"Thiago Barbosa Oliveira";"IPIRÁ";"BA";"NE"
8212;"Isabelle Rocha Barbosa";"MACEIO";"AL";"NE"
8222;"Luiza Ribeiro Dias";"MACEIO";"AL";"NE"
8232;"Clara Rodrigues Dias";"MACEIO";"AL";"NE"
8272;"Letícia Lima Costa";"RECIFE";"PE";"NE"
8282;"Erick Azevedo Dias";"FORTALEZA";"CE";"NE"
8302;"Maria Souza Rocha";"FORTALEZA";"CE";"NE"
8332;"Enzo Lima Cardoso";"MACEIO";"AL";"NE"
8372;"Clara Dias Ribeiro";"MACEIO";"AL";"NE"
8482;"Kaua Lima Araujo";"JOAO PESSOA";"PB";"NE"
8632;"Bruno Fernandes Almeida";"BRUMADO";"BA";"NE"
8662;"Ágatha Silva Rodrigues";"RECIFE";"PE";"NE"
8682;"Júlio Carvalho Sousa";"RECIFE";"PE";"NE"
8852;"Tomás Correia Dias";"TERESINA";"PI";"NE"
8872;"Gabriela Lima Correia";"RECIFE";"PE";"NE"
9002;"Nicolas Cunha Martins";"VITORIA DA CONQUISTA";"BA";"NE"
9022;"Diego Araujo Lima";"VITORIA DA CONQUISTA";"BA";"NE"
9122;"Rebeca Azevedo Araujo";"CARUARU";"PE";"NE"
9152;"Rodrigo Silva Almeida";"SAO CRISTOVAO";"SE";"NE"
9242;"Gabriela Carvalho Lima";"RECIFE";"PE";"NE"
9262;"Tiago Cavalcanti Martins";"ITABUNA";"BA";"NE"
9292;"Bianca Castro Ribeiro";"FORTALEZA";"CE";"NE"
9392;"Diego Cavalcanti Almeida";"CABO DE SANTO AGOSTINHO";"PE";"NE"
9482;"Eduarda Oliveira Cunha";"PAUDALHO";"PE";"NE"
9522;"André Gomes Dias";"CAMPO MAIOR";"PI";"NE"
9542;"Danilo Almeida Cavalcanti";"MACEIO";"AL";"NE"
9582;"André Lima Oliveira";"FORTALEZA";"CE";"NE"
9772;"Vitória Barbosa Ferreira";"CAXIAS";"MA";"NE"
9822;"Manuela Cardoso Costa";"FORTALEZA";"CE";"NE"
9832;"Carla Dias Cavalcanti";"SAO LUIS";"MA";"NE"
9972;"Nicolash Dias Melo";"IMPERATRIZ";"MA";"NE"
10192;"Rebeca Barbosa Araujo";"IMPERATRIZ";"MA";"NE"
10302;"Julian Barros Sousa";"RECIFE";"PE";"NE"
10312;"Julian Lima Martins";"JOAO PESSOA";"PB";"NE"
10412;"Mariana Castro Silva";"CARUARU";"PE";"NE"
10512;"Renan Carvalho Martins";"CATU";"BA";"NE"
10792;"Beatrice Sousa Pinto";"RECIFE";"PE";"NE"
10952;"Isabela Cavalcanti Ribeiro";"SALVADOR";"BA";"NE"
11142;"Thaís Barbosa Oliveira";"SALVADOR";"BA";"NE"
11282;"Ana Dias Cardoso";"FEIRA DE SANTANA";"BA";"NE"
11402;"Emilly Barbosa Almeida";"RECIFE";"PE";"NE"
11452;"Douglas Cardoso Goncalves";"FORTALEZA";"CE";"NE"
11532;"Bruna Goncalves Barbosa";"LAURO DE FREITAS";"BA";"NE"
11562;"Isabelle Ribeiro Gomes";"CAXIAS";"MA";"NE"
11592;"Felipe Rocha Azevedo";"PETROLINA";"PE";"NE"
11622;"Marisa Rocha Castro";"SAO LUIS";"MA";"NE"
11682;"Felipe Oliveira Dias";"SALVADOR";"BA";"NE"
11712;"Isabelle Gomes Cardoso";"JOAO PESSOA";"PB";"NE"
11732;"Emily Alves Goncalves";"PARNAMIRIM";"RN";"NE"
11792;"Isabela Cavalcanti Costa";"SALVADOR";"BA";"NE"
11882;"Paulo Oliveira Correia";"ITAPECURU MIRIM";"MA";"NE"
11902;"Isabela Pinto Barros";"SALVADOR";"BA";"NE"
12032;"Marisa Cunha Dias";"CAXIAS";"MA";"NE"
12092;"Rafaela Ribeiro Ferreira";"RECIFE";"PE";"NE"
12182;"Júlia Santos Pinto";"SALVADOR";"BA";"NE"
12232;"Marina Silva Lima";"SALVADOR";"BA";"NE"
12312;"Vitor Correia Gomes";"PICOS";"PI";"NE"
12322;"Kauan Costa Ferreira";"MOSSORO";"RN";"NE"
12332;"Bianca Barbosa Sousa";"RECIFE";"PE";"NE"
12352;"Danilo Dias Costa";"JUAZEIRO DO NORTE";"CE";"NE"
12392;"Vinícius Oliveira Santos";"FORTALEZA";"CE";"NE"
12472;"Kauê Goncalves Barbosa";"MACEIO";"AL";"NE"
12622;"Nicolash Barbosa Rodrigues";"TERESINA";"PI";"NE"
12682;"Carolina Azevedo Goncalves";"PAULO AFONSO";"BA";"NE"
12782;"Alex Gomes Carvalho";"NATAL";"RN";"NE"
12872;"Luan Pereira Rodrigues";"SALVADOR";"BA";"NE"
12952;"Lara Castro Santos";"SALVADOR";"BA";"NE"
13042;"Marcos Silva Azevedo";"TERESINA";"PI";"NE"
13052;"Carlos Melo Araujo";"TERESINA";"PI";"NE"
13082;"Clara Sousa Ribeiro";"SALVADOR";"BA";"NE"
13182;"Maria Ferreira Martins";"SALVADOR";"BA";"NE"
13212;"Diego Gomes Fernandes";"RECIFE";"PE";"NE"
13262;"Vitoria Melo Araujo";"FORTALEZA";"CE";"NE"
13342;"João Dias Ribeiro";"MACEIÓ";"AL";"NE"
13362;"Ryan Cavalcanti Santos";"NATAL";"RN";"NE"
13402;"Thiago Carvalho Lima";"MOSSORO";"RN";"NE"
13472;"Kaua Correia Araujo";"FEIRA DE SANTANA";"BA";"NE"
13552;"Luiza Santos Carvalho";"TERESINA";"PI";"NE"
13592;"Luan Souza Pinto";"SERRA TALHADA";"PE";"NE"
13612;"Luana Silva Oliveira";"RECIFE";"PE";"NE"
13662;"Fernanda Goncalves Carvalho";"RECIFE";"PE";"NE"
13682;"Luis Cunha Barbosa";"TERESINA";"PI";"NE"
13852;"Marcos Rodrigues Alves";"SAO LUIS";"MA";"NE"
13862;"Kauê Azevedo Carvalho";"TEIXEIRA DE FREITAS";"BA";"NE"
13872;"Fábio Pinto Lima";"JUAZEIRO DO NORTE";"CE";"NE"
13922;"Nicole Barros Carvalho";"RECIFE";"PE";"NE"
14032;"André Carvalho Barbosa";"SALVADOR";"BA";"NE"
14062;"Leila Melo Correia";"FORTALEZA";"CE";"NE"
14122;"Marina Melo Ribeiro";"MOSSORO";"RN";"NE"
14212;"Beatriz Barros Sousa";"SALVADOR";"BA";"NE"
14252;"Lara Dias Melo";"JUAZEIRO DO NORTE";"CE";"NE"
14322;"Lavinia Rodrigues Cavalcanti";"MACEIO";"AL";"NE"
14342;"Victor Souza Silva";"SAO LUIS";"MA";"NE"
14372;"Carla Martins Sousa";"SAO LUIS";"MA";"NE"
14382;"Alex Rocha Almeida";"FORTALEZA";"CE";"NE"
14422;"Renan Rocha Azevedo";"MACEIÓ";"AL";"NE"
14472;"Breno Cardoso Lima";"RECIFE";"PE";"NE"
14532;"Miguel Alves Melo";"SALVADOR";"BA";"NE"
14672;"Tiago Sousa Pereira";"NATAL";"RN";"NE"
14722;"Luan Alves Carvalho";"RECIFE";"PE";"NE"
14732;"Victor Carvalho Gomes";"JOAO PESSOA";"PB";"NE"
14802;"Giovana Carvalho Ferreira";"IMPERATRIZ";"MA";"NE"
14812;"Douglas Carvalho Ribeiro";"JOAO PESSOA";"PB";"NE"
14862;"Rodrigo Melo Pereira";"FORTALEZA";"CE";"NE"
14882;"Douglas Melo Gomes";"NATAL";"RN";"NE"
14922;"José Costa Gomes";"IMPERATRIZ";"MA";"NE"
14972;"Leila Barros Araujo";"SALVADOR";"BA";"NE"
15012;"Igor Costa Silva";"RECIFE";"PE";"NE"
15092;"Daniel Araujo Ribeiro";"RECIFE";"PE";"NE"
15252;"Felipe Souza Costa";"LUIS EDUARDO MAGALHÃES";"BA";"NE"
15282;"Amanda Araujo Melo";"RECIFE";"PE";"NE"
15292;"Gabrielle Cardoso Almeida";"GARANHUNS";"PE";"NE"
15302;"Gabriela Fernandes Rocha";"TEIXEIRA DE FREITAS";"BA";"NE"
15342;"Arthur Ribeiro Cavalcanti";"TERESINA";"PI";"NE"
15362;"Kauan Correia Alves";"SALVADOR";"BA";"NE"
15432;"Julia Araujo Silva";"RECIFE";"PE";"NE"
15512;"Arthur Azevedo Santos";"NATAL";"RN";"NE"
15532;"Caio Goncalves Almeida";"TERESINA";"PI";"NE"
15632;"Marcos Carvalho Lima";"GARANHUNS";"PE";"NE"
15702;"Rafael Castro Silva";"TERESINA";"PI";"NE"
15732;"Caio Cavalcanti Carvalho";"SALVADOR";"BA";"NE"
15792;"Gabriel Alves Santos";"ITAPECURU MIRIM";"MA";"NE"
15822;"Samuel Martins Alves";"SALVADOR";"BA";"NE"
15952;"Luiza Barros Azevedo";"SALVADOR";"BA";"NE"
16052;"Paulo Correia Barros";"FORTALEZA";"CE";"NE"
16192;"Victor Goncalves Castro";"FORTALEZA";"CE";"NE"
16422;"Diego Cavalcanti Alves";"SALVADOR";"BA";"NE"
16502;"Giovana Souza Rodrigues";"LUIS EDUARDO MAGALHÃES";"BA";"NE"
16562;"Tomás Ribeiro Barros";"FORTALEZA";"CE";"NE"
16592;"Samuel Cavalcanti Rodrigues";"SALVADOR";"BA";"NE"
16612;"Clara Dias Ribeiro";"TERESINA";"PI";"NE"
16692;"Julia Lima Alves";"LAURO DE FREITAS";"BA";"NE"
16742;"Renan Santos Alves";"FORTALEZA";"CE";"NE"
16782;"Diego Barros Carvalho";"SALVADOR";"BA";"NE"
16812;"Anna Almeida Ribeiro";"FORTALEZA";"CE";"NE"
16822;"Luis Dias Alves";"SALVADOR";"BA";"NE"
16852;"Gabriela Pereira Dias";"PETROLINA";"PE";"NE"
16862;"Bruno Fernandes Almeida";"JOAO PESSOA";"PB";"NE"
16932;"Marina Barros Fernandes";"FORTALEZA";"CE";"NE"
16972;"Carlos Silva Cunha";"TERESINA";"PI";"NE"
17032;"Kaua Sousa Goncalves";"MURITIBA";"BA";"NE"
17042;"Vitor Cavalcanti Carvalho";"RECIFE";"PE";"NE"
17072;"Beatriz Almeida Fernandes";"OLINDA";"PE";"NE"
17132;"Igor Correia Carvalho";"SALVADOR";"BA";"NE"
17282;"Erick Araujo Rodrigues";"SOBRAL";"CE";"NE"
17292;"Bruno Rocha Almeida";"PETROLINA";"PE";"NE"
17342;"Carolina Almeida Castro";"SALVADOR";"BA";"NE"
17392;"Raissa Carvalho Souza";"RECIFE";"PE";"NE"
17432;"Marisa Sousa Cardoso";"MACEIO";"AL";"NE"
17442;"Sofia Lima Costa";"MACEIO";"AL";"NE"
17502;"Fábio Barros Alves";"SOBRAL";"CE";"NE"
17522;"Mateus Souza Rocha";"NATAL";"RN";"NE"
17532;"Yasmin Almeida Cunha";"SALVADOR";"BA";"NE"
17602;"Giovanna Cunha Melo";"FORTALEZA";"CE";"NE"
17812;"Raissa Correia Carvalho";"SALVADOR";"BA";"NE"
17832;"Emilly Santos Gomes";"TERESINA";"PI";"NE"
18042;"Vitória Barbosa Ferreira";"SALVADOR";"BA";"NE"
18092;"Manuela Cardoso Costa";"RECIFE";"PE";"NE"
18282;"Breno Lima Martins";"SALVADOR";"BA";"NE"
18302;"Brenda Sousa Costa";"SAO LUIS";"MA";"NE"
18432;"Marcos Alves Araujo";"VALENCA";"BA";"NE"
12;"Eduardo Goncalves Rodrigues";"RIO BRANCO";"AC";"NO"
162;"Anna Almeida Ribeiro";"MANAUS";"AM";"NO"
172;"Luis Dias Alves";"MANAUS";"AM";"NO"
182;"João Azevedo Oliveira";"MARABA";"PA";"NO"
222;"Bruno Fernandes Almeida";"MANAUS";"AM";"NO"
232;"Brenda Araujo Souza";"MANAUS";"AM";"NO"
1182;"Danilo Almeida Cavalcanti";"CACOAL";"RO";"NO"
1442;"Luís Rocha Dias";"PARAUAPEBAS";"PA";"NO"
1982;"Nicolash Gomes Cavalcanti";"MACAPA";"AP";"NO"
2012;"Arthur Barbosa Rocha";"PALMAS";"TO";"NO"
2022;"Mariana Castro Silva";"PALMAS";"TO";"NO"
2242;"Raissa Santos Araujo";"PORTO VELHO";"RO";"NO"
2342;"Vitoria Cunha Cardoso";"PORTO VELHO";"RO";"NO"
2912;"Guilherme Sousa Cardoso";"PALMAS";"TO";"NO"
3092;"Júlia Carvalho Castro";"RIO BRANCO";"AC";"NO"
3132;"Rodrigo Rodrigues Melo";"BOA VISTA";"RR";"NO"
3162;"Douglas Cardoso Castro";"BELEM";"PA";"NO"
3282;"Renan Barros Ribeiro";"BELEM";"PA";"NO"
3942;"André Ribeiro Souza";"CACOAL";"RO";"NO"
4172;"Rafaela Pereira Carvalho";"BOA VISTA";"RR";"NO"
4332;"Bruno Ribeiro Cunha";"BOA VISTA";"RR";"NO"
4712;"Marcos Silva Azevedo";"PORTO VELHO";"RO";"NO"
4802;"Mariana Martins Azevedo";"MARABA";"PA";"NO"
5362;"Luan Souza Pinto";"SANTAREM";"PA";"NO"
5372;"Sophia Carvalho Cavalcanti";"BOA VISTA";"RR";"NO"
5712;"Ana Azevedo Souza";"SANTAREM";"PA";"NO"
6112;"Fábio Barros Silva";"SANTAREM";"PA";"NO"
6752;"Lara Ribeiro Oliveira";"PORTO VELHO";"RO";"NO"
8002;"João Lima Santos";"CACOAL";"RO";"NO"
8192;"Diogo Goncalves Santos";"JI PARANA";"RO";"NO"
8462;"Julia Lima Alves";"MANAUS";"AM";"NO"
8512;"Renan Santos Alves";"MANAUS";"AM";"NO"
8532;"Bianca Alves Sousa";"MANAUS";"AM";"NO"
8912;"Beatrice Rodrigues Lima";"PARINTINS";"AM";"NO"
8922;"Vitór Martins Castro";"PARAUAPEBAS";"PA";"NO"
10132;"Isabela Carvalho Rodrigues";"PALMAS";"TO";"NO"
10362;"Sarah Araujo Castro";"MANAUS";"AM";"NO"
11082;"Isabella Lima Costa";"PORTO VELHO";"RO";"NO"
12362;"Rebeca Rodrigues Ferreira";"MACAPA";"AP";"NO"
13002;"Beatrice Santos Rodrigues";"PORTO VELHO";"RO";"NO"
13192;"Luis Ferreira Silva";"RIO BRANCO";"AC";"NO"
13292;"Melissa Dias Oliveira";"PARINTINS";"AM";"NO"
13512;"Gabriela Alves Martins";"MARABA";"PA";"NO"
13642;"Felipe Rodrigues Martins";"PARAUAPEBAS";"PA";"NO"
14082;"Larissa Barbosa Sousa";"MACAPA";"AP";"NO"
14842;"Gabrielle Barbosa Cardoso";"MACAPA";"AP";"NO"
14942;"Daniel Araujo Alves";"PALMAS";"TO";"NO"
15912;"Kai Alves Martins";"PALMAS";"TO";"NO"
16242;"Júlio Rocha Souza";"MACAPA";"AP";"NO"
17162;"Vitór Martins Castro";"MACAPA";"AP";"NO"
17732;"Eduarda Oliveira Cunha";"MANAUS";"AM";"NO"
17762;"Gabrielle Ferreira Lima";"MANAUS";"AM";"NO"
18102;"Carla Dias Cavalcanti";"RIO BRANCO";"AC";"NO"
202;"Gabriela Pereira Dias";"MARAU";"RS";"SU"
302;"Diogo Souza Fernandes";"ITAJAI";"SC";"SU"
332;"Rebeca Alves Sousa";"SANTA MARIA";"RS";"SU"
362;"Daniel Fernandes Correia";"FLORIANOPOLIS";"SC";"SU"
622;"Nicolas Cunha Martins";"LONDRINA";"PR";"SU"
652;"Amanda Almeida Dias";"SANTIAGO";"RS";"SU"
682;"Marina Martins Barros";"TANGARA DA SERRA";"MT";"SU"
692;"Rafael Dias Almeida";"TANGARA DA SERRA";"MT";"SU"
742;"Rebeca Azevedo Araujo";"FOZ DO IGUACU";"PR";"SU"
772;"Rodrigo Silva Almeida";"MONTENEGRO";"RS";"SU"
822;"Lara Fernandes Correia";"GOIANIA";"GO";"SU"
832;"Miguel Dias Ferreira";"GOIANIA";"GO";"SU"
932;"Otávio Ferreira Correia";"GOIANIA";"GO";"SU"
962;"Giovana Barros Goncalves";"GOIANIA";"GO";"SU"
1002;"Felipe Cavalcanti Melo";"GOIANIA";"GO";"SU"
1012;"Diego Cavalcanti Almeida";"GOIANIA";"GO";"SU"
1022;"Luana Silva Martins";"LAGES";"SC";"SU"
1032;"Eduarda Pereira Oliveira";"GOIANIA";"GO";"SU"
1052;"Alice Correia Castro";"FOZ DO IGUACU";"PR";"SU"
1062;"Paulo Martins Silva";"FOZ DO IGUACU";"PR";"SU"
1072;"Kauê Silva Gomes";"COLATINA";"ES";"SU"
1082;"Diogo Cunha Cavalcanti";"GOIANIA";"GO";"SU"
1092;"Renan Dias Silva";"GOIANIA";"GO";"SU"
1102;"Gabriela Pinto Lima";"GOIANIA";"GO";"SU"
1122;"Eduarda Oliveira Cunha";"GOIANIA";"GO";"SU"
1142;"Davi Rocha Lima";"GOIANIA";"GO";"SU"
1162;"André Gomes Dias";"CACERES";"MT";"SU"
1402;"Breno Almeida Costa";"CUIABA";"MT";"SU"
1462;"Manuela Cardoso Costa";"ILHA DO GOVERNADOR";"RJ";"SU"
1572;"Amanda Almeida Santos";"CURITIBA";"PR";"SU"
1582;"Julian Correia Ribeiro";"CUIABA";"MT";"SU"
1692;"Eduarda Lima Carvalho";"CUIABA";"MT";"SU"
1702;"Rafaela Pereira Azevedo";"CUIABA";"MT";"SU"
1732;"Sarah Lima Rodrigues";"GOIANIA";"GO";"SU"
1792;"Gustavo Cunha Rodrigues";"BALNEARIO CAMBORIU";"SC";"SU"
1942;"Rafaela Rodrigues Azevedo";"BRASILIA";"DF";"SU"
1972;"Sarah Araujo Castro";"VITORIA";"ES";"SU"
1992;"Laura Barbosa Ferreira";"BRASILIA";"DF";"SU"
2042;"Isabelle Cardoso Melo";"XANXERE";"SC";"SU"
2132;"Maria Fernandes Barros";"VOLTA REDONDA";"RJ";"SU"
2212;"Diego Pereira Ferreira";"BRASILIA";"DF";"SU"
2262;"Julia Rodrigues Alves";"TIMBO";"SC";"SU"
2302;"Vitoria Almeida Carvalho";"BOM JESUS DO ITABAPOANA";"RJ";"SU"
2322;"Otávio Castro Lima";"MARINGA";"PR";"SU"
2352;"Lucas Melo Alves";"GOIANIA";"GO";"SU"
2522;"Ana Santos Carvalho";"CACHOEIRO DE ITAPEMIRIM";"ES";"SU"
2582;"Diogo Fernandes Almeida";"BRASILIA";"DF";"SU"
2692;"Vitoria Barros Souza";"BRASILIA";"DF";"SU"
2852;"Murilo Costa Alves";"BRASILIA";"DF";"SU"
2942;"Daniel Oliveira Cunha";"RIO DAS OSTRAS";"RJ";"SU"
3012;"Beatriz Alves Azevedo";"MARINGA";"PR";"SU"
3022;"Renan Castro Gomes";"VITORIA";"ES";"SU"
3032;"Emilly Barbosa Almeida";"BRASILIA";"DF";"SU"
3052;"Vitoria Santos Souza";"BRASILIA";"DF";"SU"
3112;"Marisa Carvalho Ferreira";"BRASILIA";"DF";"SU"
3122;"Ryan Gomes Cunha";"BRASILIA";"DF";"SU"
3202;"Isabelle Ribeiro Gomes";"VITORIA";"ES";"SU"
3242;"Gabrielly Alves Rocha";"CURITIBA";"PR";"SU"
3262;"Marisa Rocha Castro";"BENTO GONCALVES";"RS";"SU"
3272;"Isabella Barbosa Fernandes";"BRASILIA";"DF";"SU"
3302;"Isabella Azevedo Alves";"CURITIBA";"PR";"SU"
3452;"Joao Rodrigues Souza";"BRASILIA";"DF";"SU"
3462;"Luana Almeida Santos";"BRASILIA";"DF";"SU"
3472;"Laura Melo Oliveira";"BRASILIA";"DF";"SU"
3572;"Leonardo Carvalho Ferreira";"GOIANIA";"GO";"SU"
3582;"Gustavo Pereira Dias";"CACHOEIRO DE ITAPEMIRIM";"ES";"SU"
3632;"Rebeca Rodrigues Araujo";"FLORIANOPOLIS";"SC";"SU"
3652;"Kaua Santos Lima";"NITEROI";"RJ";"SU"
3672;"Victor Azevedo Rocha";"BRASILIA";"DF";"SU"
3682;"Enzo Oliveira Pereira";"GOIANIA";"GO";"SU"
3692;"Bianca Ferreira Gomes";"LONDRINA";"PR";"SU"
3702;"Marisa Cunha Dias";"NITEROI";"RJ";"SU"
3782;"Rafaela Ribeiro Ferreira";"BLUMENAU";"SC";"SU"
3902;"Julia Alves Ribeiro";"LUCAS DO RIO VERDE";"MT";"SU"
3952;"Marina Silva Lima";"BLUMENAU";"SC";"SU"
3972;"Ágatha Costa Carvalho";"BRASILIA";"DF";"SU"
3982;"Vitór Ribeiro Barbosa";"CACHOEIRO DE ITAPEMIRIM";"ES";"SU"
4052;"Bianca Barbosa Sousa";"PORTO ALEGRE";"RS";"SU"
4132;"Camila Pinto Pereira";"GOIANIA";"GO";"SU"
4142;"Daniel Sousa Pereira";"BRASILIA";"DF";"SU"
4152;"Laura Gomes Barbosa";"BRASILIA";"DF";"SU"
4182;"Kauê Goncalves Barbosa";"CACHOEIRO DE ITAPEMIRIM";"ES";"SU"
4202;"Isabelle Azevedo Cardoso";"MACAE";"RJ";"SU"
4262;"Vitória Martins Souza";"GOIANIA";"GO";"SU"
4272;"Letícia Dias Cardoso";"BRASILIA";"DF";"SU"
4292;"Alex Costa Pereira";"BRASILIA";"DF";"SU"
4312;"Vinicius Barros Dias";"CAMPOS DOS GOYTACAZES";"RJ";"SU"
4322;"Nicolash Barbosa Rodrigues";"CAMPO GRANDE";"MS";"SU"
4412;"Marisa Carvalho Gomes";"GRAVATAI";"RS";"SU"
4432;"Leila Pereira Costa";"CAMPO GRANDE";"MS";"SU"
4442;"Nicolash Barros Alves";"CACHOEIRO DE ITAPEMIRIM";"ES";"SU"
4462;"Luiz Ribeiro Goncalves";"BRASILIA";"DF";"SU"
4472;"Marina Fernandes Barros";"BRASILIA";"DF";"SU"
4522;"Eduardo Ferreira Santos";"MAGE";"RJ";"SU"
4532;"Leonardo Cardoso Alves";"BRASILIA";"DF";"SU"
4542;"Laura Dias Rocha";"BRASILIA";"DF";"SU"
4582;"Giovanna Goncalves Melo";"BRUSQUE";"SC";"SU"
4592;"Samuel Ribeiro Goncalves";"CASCAVEL";"PR";"SU"
4612;"João Santos Castro";"BRASILIA";"DF";"SU"
4622;"Lara Castro Santos";"CAMPO GRANDE";"MS";"SU"
4642;"Leila Cardoso Cunha";"BRASILIA";"DF";"SU"
4652;"André Pereira Almeida";"CACERES";"MT";"SU"
4722;"Carlos Melo Araujo";"LINHARES";"ES";"SU"
4742;"Vitoria Cardoso Silva";"BRASILIA";"DF";"SU"
4772;"Thaís Cardoso Oliveira";"BRASILIA";"DF";"SU"
4782;"Emilly Sousa Ribeiro";"CHAPECO";"SC";"SU"
4832;"Gabriela Castro Rocha";"BRASILIA";"DF";"SU"
4872;"Estevan Santos Fernandes";"BRASILIA";"DF";"SU"
4902;"Enzo Santos Almeida";"CAMPO GRANDE";"MS";"SU"
5112;"João Dias Ribeiro";"GOIANIA";"GO";"SU"
5142;"Nicolas Oliveira Pinto";"CURITIBA";"PR";"SU"
5152;"Mariana Sousa Ferreira";"GOIANIA";"GO";"SU"
5162;"Kauê Correia Cavalcanti";"GOIANIA";"GO";"SU"
5172;"Thiago Carvalho Lima";"GOIANIA";"GO";"SU"
5182;"Lara Lima Almeida";"GOIANIA";"GO";"SU"
5192;"Fábio Barbosa Cavalcanti";"GOIANIA";"GO";"SU"
5202;"Beatriz Alves Gomes";"PETROPOLIS";"RJ";"SU"
5212;"Luana Correia Ribeiro";"GOIANIA";"GO";"SU"
5222;"Aline Cavalcanti Correia";"GOIANIA";"GO";"SU"
5252;"Victor Dias Costa";"GOIANIA";"GO";"SU"
5262;"Felipe Alves Barros";"GOIANIA";"GO";"SU"
5282;"Gabriela Alves Martins";"GOIANIA";"GO";"SU"
5292;"Yasmin Gomes Azevedo";"GOIANIA";"GO";"SU"
5302;"Fábio Castro Souza";"GOIANIA";"GO";"SU"
5352;"Raissa Rocha Lima";"PORTO ALEGRE";"RS";"SU"
5412;"Felipe Rodrigues Martins";"BRASILIA";"DF";"SU"
5432;"Fernanda Goncalves Carvalho";"BRASILIA";"DF";"SU"
5472;"Emily Ferreira Araujo";"NITEROI";"RJ";"SU"
5502;"Julia Lima Silva";"NITEROI";"RJ";"SU"
5512;"Beatrice Souza Sousa";"DUQUE DE CAXIAS";"RJ";"SU"
5522;"Davi Rodrigues Pinto";"DUQUE DE CAXIAS";"RJ";"SU"
5532;"Nicolash Araujo Souza";"NITEROI";"RJ";"SU"
5542;"Tânia Almeida Fernandes";"DOURADOS";"MS";"SU"
5552;"Sarah Martins Ferreira";"DUQUE DE CAXIAS";"RJ";"SU"
5562;"Rodrigo Barbosa Azevedo";"NITEROI";"RJ";"SU"
5572;"Yasmin Gomes Cardoso";"NITEROI";"RJ";"SU"
5602;"Carolina Castro Ribeiro";"NITEROI";"RJ";"SU"
5612;"Beatrice Araujo Silva";"NOVA FRIBURGO";"RJ";"SU"
5622;"Marcos Rodrigues Alves";"NITEROI";"RJ";"SU"
5632;"Kauê Azevedo Carvalho";"NITEROI";"RJ";"SU"
5662;"Raissa Goncalves Pereira";"ERECHIM";"RS";"SU"
5672;"Miguel Carvalho Melo";"NOVA IGUACU";"RJ";"SU"
5682;"Rafaela Fernandes Cardoso";"NITEROI";"RJ";"SU"
5862;"Marina Azevedo Correia";"SANTA HELENA DE GOIAS";"GO";"SU"
5882;"Tiago Santos Cavalcanti";"SANTA MARIA";"RS";"SU"
5902;"Alice Pinto Castro";"SANTA HELENA";"PR";"SU"
5982;"Livia Costa Cardoso";"LONDRINA";"PR";"SU"
6082;"Rebeca Cavalcanti Pinto";"CUIABA";"MT";"SU"
6332;"Isabela Silva Barros";"ITAPERUNA";"RJ";"SU"
6342;"Amanda Martins Ferreira";"PORTO ALEGRE";"RS";"SU"
6372;"Leonor Ribeiro Goncalves";"PORTO ALEGRE";"RS";"SU"
6402;"Gabriela Santos Rodrigues";"PORTO ALEGRE";"RS";"SU"
6422;"Sarah Santos Ferreira";"PORTO ALEGRE";"RS";"SU"
6472;"Leila Rocha Almeida";"PORTO ALEGRE";"RS";"SU"
6482;"Thaís Azevedo Rocha";"ITAJAI";"SC";"SU"
6582;"Gabriel Rocha Oliveira";"PORTO ALEGRE";"RS";"SU"
6592;"Giovana Carvalho Ferreira";"PORTO ALEGRE";"RS";"SU"
6612;"Thiago Almeida Correia";"PORTO ALEGRE";"RS";"SU"
6642;"Ana Gomes Martins";"PORTO ALEGRE";"RS";"SU"
6682;"Alice Araujo Ferreira";"PORTO ALEGRE";"RS";"SU"
6782;"Victor Lima Castro";"FOZ DO IGUACU";"PR";"SU"
6842;"Vitór Cunha Alves";"JOINVILLE";"SC";"SU"
6892;"Daniel Araujo Ribeiro";"JOINVILLE";"SC";"SU"
7032;"Felipe Souza Costa";"BRASILIA";"DF";"SU"
7052;"Antônio Lima Cavalcanti";"BRASILIA";"DF";"SU"
7072;"Gabrielle Cardoso Almeida";"BRASILIA";"DF";"SU"
7282;"Caio Goncalves Almeida";"GOIANIA";"GO";"SU"
7302;"Brenda Oliveira Rocha";"TIMBO";"SC";"SU"
7342;"Rafael Cavalcanti Rocha";"CACERES";"MT";"SU"
7352;"Lucas Pinto Lima";"CACHOEIRO DE ITAPEMIRIM";"ES";"SU"
7542;"Luana Oliveira Souza";"GOIANIA";"GO";"SU"
8032;"Igor Rocha Barros";"SAO GONCALO";"RJ";"SU"
8162;"Enzo Costa Ferreira";"PONTA GROSSA";"PR";"SU"
8182;"Melissa Cavalcanti Rocha";"ITAJAI";"SC";"SU"
8202;"Brenda Melo Souza";"ITAJAI";"SC";"SU"
8342;"Rafaela Costa Martins";"CACHOEIRO DE ITAPEMIRIM";"ES";"SU"
8352;"Samuel Cavalcanti Rodrigues";"UMUARAMA";"PR";"SU"
8392;"Amanda Goncalves Souza";"PORTO ALEGRE";"RS";"SU"
8402;"Leila Almeida Araujo";"PORTO ALEGRE";"RS";"SU"
8472;"Luis Lima Ferreira";"VILA VELHA";"ES";"SU"
8522;"Ágatha Fernandes Oliveira";"PASSO FUNDO";"RS";"SU"
8542;"Manuela Sousa Gomes";"BRASILIA";"DF";"SU"
8552;"Diego Barros Carvalho";"BRASILIA";"DF";"SU"
8562;"Kaua Carvalho Almeida";"BRASILIA";"DF";"SU"
8572;"Isabela Correia Goncalves";"BRASILIA";"DF";"SU"
8592;"Luis Dias Alves";"BRUSQUE";"SC";"SU"
8602;"João Azevedo Oliveira";"BRASILIA";"DF";"SU"
8612;"Kaua Costa Cavalcanti";"BRASILIA";"DF";"SU"
8622;"Gabriela Pereira Dias";"BRASILIA";"DF";"SU"
8642;"Brenda Araujo Souza";"VITORIA";"ES";"SU"
8702;"Marina Barros Fernandes";"CAMPO GRANDE";"MS";"SU"
8722;"Rebeca Alves Sousa";"CAMPO NOVO DO PARECIS";"MT";"SU"
8842;"Beatriz Almeida Fernandes";"BRASILIA";"DF";"SU"
8862;"Julia Pereira Araujo";"GOIANIA";"GO";"SU"
8882;"Guilherme Correia Santos";"VITORIA";"ES";"SU"
8902;"Igor Correia Carvalho";"CAMPOS DOS GOYTACAZES";"RJ";"SU"
8992;"Vitór Melo Azevedo";"GOIANIA";"GO";"SU"
9032;"Amanda Almeida Dias";"BRASILIA";"DF";"SU"
9172;"Clara Carvalho Souza";"VILA VELHA";"ES";"SU"
9272;"Mateus Souza Rocha";"NITEROI";"RJ";"SU"
9372;"Matilde Dias Cardoso";"LONDRINA";"PR";"SU"
9382;"Felipe Cavalcanti Melo";"CAMPO GRANDE";"MS";"SU"
9492;"Ágatha Melo Sousa";"CAMPO GRANDE";"MS";"SU"
9662;"Giovana Rodrigues Silva";"IJUI";"RS";"SU"
9742;"Lara Pinto Barros";"VENANCIO AIRES";"RS";"SU"
9762;"Breno Almeida Costa";"VITORIA";"ES";"SU"
9982;"Rebeca Melo Cunha";"RIO BONITO";"RJ";"SU"
9992;"Ryan Dias Rocha";"VITORIA";"ES";"SU"
10072;"Rafaela Pereira Azevedo";"ILHA DO GOVERNADOR";"RJ";"SU"
10222;"Vitoria Cardoso Pereira";"ITAGUAI";"RJ";"SU"
10332;"Rafaela Rodrigues Azevedo";"PIRAI";"RJ";"SU"
10372;"Nicolash Gomes Cavalcanti";"GOIANIA";"GO";"SU"
10422;"Amanda Melo Souza";"CAMPOS DOS GOYTACAZES";"RJ";"SU"
10492;"Letícia Souza Gomes";"GOIANIA";"GO";"SU"
10522;"Maria Fernandes Barros";"PATO BRANCO";"PR";"SU"
10532;"Rebeca Castro Dias";"GOIANIA";"GO";"SU"
10642;"João Almeida Cardoso";"COLATINA";"ES";"SU"
10652;"Julia Rodrigues Alves";"GOIANIA";"GO";"SU"
10712;"Otávio Castro Lima";"PATO BRANCO";"PR";"SU"
10872;"Alice Cunha Souza";"PATO BRANCO";"PR";"SU"
10932;"Beatrice Araujo Azevedo";"SIDROLANDIA";"MS";"SU"
10962;"Isabella Pereira Azevedo";"SINOP";"MT";"SU"
11002;"Nicole Carvalho Fernandes";"CIANORTE";"PR";"SU"
11022;"Leonardo Silva Rocha";"CATALAO";"GO";"SU"
11112;"Leonor Martins Pereira";"CURITIBA";"PR";"SU"
11122;"Murilo Dias Alves";"FLORIANOPOLIS";"SC";"SU"
11222;"Tiago Cardoso Cunha";"PATO BRANCO";"PR";"SU"
11242;"Ágatha Almeida Barros";"TOLEDO";"PR";"SU"
11322;"Felipe Martins Alves";"PALHOCA";"SC";"SU"
11352;"Cauã Araujo Fernandes";"XANXERE";"SC";"SU"
11422;"Vitoria Santos Souza";"CIANORTE";"PR";"SU"
11462;"Júlia Carvalho Castro";"TERESOPOLIS";"RJ";"SU"
11542;"Kaua Cunha Lima";"CATALAO";"GO";"SU"
11582;"Renan Cavalcanti Rocha";"CURITIBA";"PR";"SU"
11602;"Gabrielly Alves Rocha";"CAXIAS DO SUL";"RS";"SU"
11612;"Lucas Goncalves Barros";"JARAGUA DO SUL";"SC";"SU"
11632;"Isabella Barbosa Fernandes";"JOINVILLE";"SC";"SU"
11662;"Isabella Azevedo Alves";"CUIABA";"MT";"SU"
11752;"Anna Araujo Cavalcanti";"GOIANIA";"GO";"SU"
11782;"Yasmin Ribeiro Gomes";"CAXIAS DO SUL";"RS";"SU"
11852;"Douglas Cardoso Cunha";"MACAE";"RJ";"SU"
11942;"Ryan Cavalcanti Cunha";"TERESOPOLIS";"RJ";"SU"
11992;"Luan Goncalves Alves";"PASSO FUNDO";"RS";"SU"
12122;"Eduarda Melo Oliveira";"CURITIBA";"PR";"SU"
12132;"Júlio Lima Fernandes";"CURITIBA";"PR";"SU"
12152;"Mariana Castro Cunha";"LONDRINA";"PR";"SU"
12212;"Julian Souza Pinto";"PORTO UNIAO";"SC";"SU"
12292;"Vitor Pinto Ribeiro";"CURITIBA";"PR";"SU"
12342;"Tomás Fernandes Barros";"RIO VERDE";"GO";"SU"
12442;"Laura Gomes Barbosa";"NITEROI";"RJ";"SU"
12502;"Isabelle Azevedo Cardoso";"RESENDE";"RJ";"SU"
12522;"Igor Carvalho Cardoso";"NOVA IGUACU";"RJ";"SU"
12532;"Luis Pereira Santos";"VITORIA";"ES";"SU"
12542;"Brenda Goncalves Dias";"SAO MATEUS DO SUL";"PR";"SU"
12572;"Letícia Dias Cardoso";"TERESOPOLIS";"RJ";"SU"
12592;"Alex Costa Pereira";"RIO VERDE";"GO";"SU"
12642;"Douglas Melo Correia";"LONDRINA";"PR";"SU"
12652;"Giovanna Araujo Almeida";"MACAE";"RJ";"SU"
12812;"Gabrielle Santos Gomes";"FLORIANOPOLIS";"SC";"SU"
12882;"Beatriz Lima Santos";"NIQUELANDIA";"GO";"SU"
12912;"Giovanna Goncalves Melo";"NITEROI";"RJ";"SU"
12932;"Beatriz Ferreira Rocha";"CURITIBA";"PR";"SU"
12962;"Bruna Lima Souza";"MEDIANEIRA";"PR";"SU"
13222;"Cauã Alves Correia";"VILA VELHA";"ES";"SU"
13322;"Breno Pereira Cardoso";"FOZ DO IGUACU";"PR";"SU"
13352;"Carla Dias Melo";"SAO GONCALO";"RJ";"SU"
13372;"Nicolas Oliveira Pinto";"MACAE";"RJ";"SU"
13392;"Kauê Correia Cavalcanti";"NITEROI";"RJ";"SU"
13502;"Arthur Santos Castro";"VILA VELHA";"ES";"SU"
13542;"Letícia Lima Santos";"NOVO HAMBURGO";"RS";"SU"
13602;"Sophia Carvalho Cavalcanti";"NOVA IGUACU";"RJ";"SU"
13632;"Camila Araujo Pinto";"GOIANIA";"GO";"SU"
13702;"Emily Ferreira Araujo";"CUIABA";"MT";"SU"
13722;"Julia Lima Silva";"SAO MATEUS";"ES";"SU"
13912;"Rafaela Fernandes Cardoso";"JOACABA";"SC";"SU"
13932;"Antônio Souza Gomes";"PORTO UNIAO";"SC";"SU"
14052;"Vitória Barbosa Gomes";"SAO GABRIEL";"RS";"SU"
14072;"Marina Azevedo Correia";"VILA VELHA";"ES";"SU"
14102;"Samuel Almeida Sousa";"PORTO ALEGRE";"RS";"SU"
14162;"Kauê Sousa Cardoso";"RIO VERDE";"GO";"SU"
14202;"Luiza Lima Rocha";"SAO JOSE";"SC";"SU"
14352;"Amanda Sousa Fernandes";"CURITIBA";"PR";"SU"
14402;"Emilly Cavalcanti Almeida";"VITORIA";"ES";"SU"
14412;"Mateus Ferreira Alves";"NOVA FRIBURGO";"RJ";"SU"
14592;"Mariana Goncalves Costa";"VITORIA";"ES";"SU"
14602;"Nicole Carvalho Ferreira";"RIO BONITO";"RJ";"SU"
14612;"Gabriela Santos Rodrigues";"MARINGA";"PR";"SU"
14622;"Gabriel Rocha Melo";"NOVA FRIBURGO";"RJ";"SU"
14742;"Thaís Silva Lima";"URUGUAIANA";"RS";"SU"
14952;"Lara Ribeiro Oliveira";"VENDA NOVA DO IMIGRANTE";"ES";"SU"
15222;"Lavinia Souza Cardoso";"NOVA IGUACU";"RJ";"SU"
15312;"Luiz Goncalves Ribeiro";"GUARAPUAVA";"PR";"SU"
15372;"Rafael Azevedo Cavalcanti";"SAO MATEUS";"ES";"SU"
15462;"Clara Barbosa Dias";"PORTO ALEGRE";"RS";"SU"
15622;"Bianca Gomes Silva";"PORTO ALEGRE";"RS";"SU"
15722;"Gabrielly Carvalho Martins";"NOVA TRENTO";"SC";"SU"
15832;"Gabriela Araujo Sousa";"FLORIANOPOLIS";"SC";"SU"
15972;"Diogo Goncalves Costa";"ILHA DO GOVERNADOR";"RJ";"SU"
16042;"Raissa Azevedo Rodrigues";"SAO MATEUS DO SUL";"PR";"SU"
16112;"Rodrigo Cunha Cardoso";"LAGES";"SC";"SU"
16222;"Erick Fernandes Gomes";"TUBARAO";"SC";"SU"
16352;"Miguel Araujo Fernandes";"LONDRINA";"PR";"SU"
16372;"Marcos Cavalcanti Ferreira";"GOIANIA";"GO";"SU"
16452;"Diogo Goncalves Santos";"SAO MATEUS DO SUL";"PR";"SU"
16482;"Luiza Ribeiro Dias";"LONDRINA";"PR";"SU"
16552;"Maria Souza Rocha";"GOIANIA";"GO";"SU"
16642;"Leila Almeida Araujo";"TERESOPOLIS";"RJ";"SU"
17112;"Guilherme Correia Santos";"TERESOPOLIS";"RJ";"SU"
17362;"Paulo Cardoso Martins";"LONDRINA";"PR";"SU"
17452;"Lara Fernandes Correia";"PETROPOLIS";"RJ";"SU"
17692;"Kauê Silva Gomes";"GOIANIA";"GO";"SU"
17722;"Gabriela Pinto Lima";"VOLTA REDONDA";"RJ";"SU"
17752;"Davi Rocha Lima";"GOIANIA";"GO";"SU"
17862;"Julian Castro Rodrigues";"LONDRINA";"PR";"SU"
17892;"Kai Rocha Souza";"ITAPERUNA";"RJ";"SU"
18132;"Gabrielle Ferreira Cavalcanti";"MARINGA";"PR";"SU"
18142;"Ágatha Carvalho Dias";"ITAJAI";"SC";"SU"
18152;"Mariana Lima Goncalves";"GUARAPARI";"ES";"SU"
18212;"Julian Correia Ribeiro";"PATO BRANCO";"PR";"SU"
18412;"Amanda Carvalho Rocha";"RESENDE";"RJ";"SU"
18462;"Rafael Rodrigues Ribeiro";"TOLEDO";"PR";"SU"
18532;"Júlio Oliveira Pinto";"VITORIA";"ES";"SU"
18552;"Julian Barros Sousa";"SAO GONCALO";"RJ";"SU"
2552;"Larissa Sousa Pereira";"RIO DE JANEIRO";"RJ";"SU"
2822;"Erick Castro Cavalcanti";"RIO DE JANEIRO";"RJ";"SU"
4002;"Vitor Pinto Ribeiro";"RIO DE JANEIRO";"RJ";"SU"
4852;"Luis Ferreira Silva";"RIO DE JANEIRO";"RJ";"SU"
4892;"Cauã Alves Correia";"RIO DE JANEIRO";"RJ";"SU"
4922;"Vitoria Melo Araujo";"RIO DE JANEIRO";"RJ";"SU"
5402;"Camila Araujo Pinto";"RIO DE JANEIRO";"RJ";"SU"
5422;"Sophia Azevedo Cardoso";"RIO DE JANEIRO";"RJ";"SU"
5492;"Vinicius Martins Oliveira";"RIO DE JANEIRO";"RJ";"SU"
5592;"Kai Pereira Goncalves";"RIO DE JANEIRO";"RJ";"SU"
5692;"Nicole Barros Carvalho";"RIO DE JANEIRO";"RJ";"SU"
5732;"Rodrigo Alves Cardoso";"RIO DE JANEIRO";"RJ";"SU"
5802;"Vinicius Barros Rodrigues";"RIO DE JANEIRO";"RJ";"SU"
5872;"Larissa Barbosa Sousa";"RIO DE JANEIRO";"RJ";"SU"
5922;"Mateus Rocha Silva";"RIO DE JANEIRO";"RJ";"SU"
6072;"Gabrielle Goncalves Melo";"RIO DE JANEIRO";"RJ";"SU"
6132;"Marina Alves Cunha";"RIO DE JANEIRO";"RJ";"SU"
6202;"Mateus Ferreira Alves";"RIO DE JANEIRO";"RJ";"SU"
6262;"Breno Cardoso Lima";"RIO DE JANEIRO";"RJ";"SU"
6542;"Bianca Rodrigues Azevedo";"RIO DE JANEIRO";"RJ";"SU"
6832;"Emilly Sousa Cunha";"RIO DE JANEIRO";"RJ";"SU"
6902;"Marcos Costa Rocha";"RIO DE JANEIRO";"RJ";"SU"
6932;"Julieta Pereira Dias";"RIO DE JANEIRO";"RJ";"SU"
6942;"Gabrielly Ferreira Costa";"RIO DE JANEIRO";"RJ";"SU"
6972;"Nicolas Correia Cardoso";"RIO DE JANEIRO";"RJ";"SU"
7152;"Rafael Azevedo Cavalcanti";"RIO DE JANEIRO";"RJ";"SU"
7252;"Carlos Silva Lima";"RIO DE JANEIRO";"RJ";"SU"
7272;"Carla Silva Araujo";"RIO DE JANEIRO";"RJ";"SU"
7422;"Luís Alves Cardoso";"RIO DE JANEIRO";"RJ";"SU"
7432;"Davi Alves Azevedo";"RIO DE JANEIRO";"RJ";"SU"
7442;"Rafael Castro Silva";"RIO DE JANEIRO";"RJ";"SU"
7452;"Bruno Pinto Goncalves";"RIO DE JANEIRO";"RJ";"SU"
7702;"Diogo Goncalves Costa";"RIO DE JANEIRO";"RJ";"SU"
7782;"Marina Carvalho Martins";"RIO DE JANEIRO";"RJ";"SU"
7792;"Larissa Lima Melo";"RIO DE JANEIRO";"RJ";"SU"
7802;"Luana Almeida Cunha";"RIO DE JANEIRO";"RJ";"SU"
7822;"Matilde Oliveira Araujo";"RIO DE JANEIRO";"RJ";"SU"
7832;"Rodrigo Cunha Cardoso";"RIO DE JANEIRO";"RJ";"SU"
7842;"Giovana Goncalves Lima";"RIO DE JANEIRO";"RJ";"SU"
7852;"Carolina Gomes Barros";"RIO DE JANEIRO";"RJ";"SU"
7862;"Giovana Rocha Goncalves";"RIO DE JANEIRO";"RJ";"SU"
7872;"Luiza Pereira Dias";"RIO DE JANEIRO";"RJ";"SU"
7882;"Maria Oliveira Azevedo";"RIO DE JANEIRO";"RJ";"SU"
7892;"Julia Cunha Correia";"RIO DE JANEIRO";"RJ";"SU"
7902;"Erick Dias Goncalves";"RIO DE JANEIRO";"RJ";"SU"
7912;"Victor Goncalves Castro";"RIO DE JANEIRO";"RJ";"SU"
7922;"Martim Martins Melo";"RIO DE JANEIRO";"RJ";"SU"
7932;"Melissa Barbosa Araujo";"RIO DE JANEIRO";"RJ";"SU"
7942;"Erick Fernandes Gomes";"RIO DE JANEIRO";"RJ";"SU"
7952;"Anna Carvalho Lima";"RIO DE JANEIRO";"RJ";"SU"
7962;"Júlio Rocha Souza";"RIO DE JANEIRO";"RJ";"SU"
7972;"Lucas Martins Cavalcanti";"RIO DE JANEIRO";"RJ";"SU"
7982;"Emily Azevedo Cavalcanti";"RIO DE JANEIRO";"RJ";"SU"
8832;"Thaís Goncalves Correia";"RIO DE JANEIRO";"RJ";"SU"
8952;"Vitoria Sousa Correia";"RIO DE JANEIRO";"RJ";"SU"
8962;"Kauan Araujo Cardoso";"RIO DE JANEIRO";"RJ";"SU"
9192;"Sofia Lima Costa";"RIO DE JANEIRO";"RJ";"SU"
9422;"Alice Correia Castro";"RIO DE JANEIRO";"RJ";"SU"
10022;"Breno Lima Martins";"RIO DE JANEIRO";"RJ";"SU"
10232;"Laura Correia Azevedo";"RIO DE JANEIRO";"RJ";"SU"
10292;"Daniel Silva Castro";"RIO DE JANEIRO";"RJ";"SU"
10342;"Julian Barbosa Souza";"RIO DE JANEIRO";"RJ";"SU"
10392;"Livia Castro Dias";"RIO DE JANEIRO";"RJ";"SU"
10452;"Sophia Correia Almeida";"RIO DE JANEIRO";"RJ";"SU"
10482;"Estevan Costa Alves";"RIO DE JANEIRO";"RJ";"SU"
10832;"Letícia Costa Cavalcanti";"RIO DE JANEIRO";"RJ";"SU"
11722;"Marina Barbosa Alves";"RIO DE JANEIRO";"RJ";"SU"
11812;"Luana Almeida Santos";"RIO DE JANEIRO";"RJ";"SU"
11912;"Leonardo Carvalho Ferreira";"RIO DE JANEIRO";"RJ";"SU"
12012;"Enzo Oliveira Pereira";"RIO DE JANEIRO";"RJ";"SU"
12302;"Guilherme Lima Cardoso";"RIO DE JANEIRO";"RJ";"SU"
12382;"Vitoria Ferreira Dias";"RIO DE JANEIRO";"RJ";"SU"
12712;"Felipe Almeida Santos";"RIO DE JANEIRO";"RJ";"SU"
12762;"Nicolash Barros Alves";"RIO DE JANEIRO";"RJ";"SU"
12822;"Júlia Lima Ferreira";"RIO DE JANEIRO";"RJ";"SU"
12942;"João Santos Castro";"RIO DE JANEIRO";"RJ";"SU"
13032;"Murilo Rodrigues Costa";"RIO DE JANEIRO";"RJ";"SU"
13692;"Ryan Barros Costa";"RIO DE JANEIRO";"RJ";"SU"
13742;"Davi Rodrigues Pinto";"RIO DE JANEIRO";"RJ";"SU"
13752;"Nicolash Araujo Souza";"RIO DE JANEIRO";"RJ";"SU"
13992;"Melissa Carvalho Araujo";"RIO DE JANEIRO";"RJ";"SU"
14002;"Victor Castro Cardoso";"RIO DE JANEIRO";"RJ";"SU"
14092;"Tiago Santos Cavalcanti";"RIO DE JANEIRO";"RJ";"SU"
14682;"Leila Rocha Almeida";"RIO DE JANEIRO";"RJ";"SU"
15082;"João Gomes Castro";"RIO DE JANEIRO";"RJ";"SU"
15102;"Marcos Costa Rocha";"RIO DE JANEIRO";"RJ";"SU"
15472;"Miguel Sousa Lima";"RIO DE JANEIRO";"RJ";"SU"
16022;"Victor Barros Almeida";"RIO DE JANEIRO";"RJ";"SU"
16142;"Giovana Rocha Goncalves";"RIO DE JANEIRO";"RJ";"SU"
16302;"Eduardo Cardoso Dias";"RIO DE JANEIRO";"RJ";"SU"
16332;"Davi Sousa Martins";"RIO DE JANEIRO";"RJ";"SU"
16662;"Eduardo Goncalves Rodrigues";"RIO DE JANEIRO";"RJ";"SU"
16732;"Luís Oliveira Ribeiro";"RIO DE JANEIRO";"RJ";"SU"
16892;"Ágatha Silva Rodrigues";"RIO DE JANEIRO";"RJ";"SU"
17122;"Sarah Alves Goncalves";"RIO DE JANEIRO";"RJ";"SU"
17322;"Rafael Dias Almeida";"RIO DE JANEIRO";"RJ";"SU"
17782;"Enzo Martins Pereira";"RIO DE JANEIRO";"RJ";"SU"
18342;"Estevan Dias Cardoso";"RIO DE JANEIRO";"RJ";"SU"
18422;"Gustavo Cunha Rodrigues";"RIO DE JANEIRO";"RJ";"SU"
18472;"Lara Carvalho Correia";"RIO DE JANEIRO";"RJ";"SU"
18482;"Vitoria Cardoso Pereira";"RIO DE JANEIRO";"RJ";"SU"
1952;"Julian Barbosa Souza";"BELO HORIZONTE";"MG";"SU"
2052;"Lucas Correia Cardoso";"BELO HORIZONTE";"MG";"SU"
2062;"Sophia Correia Almeida";"BELO HORIZONTE";"MG";"SU"
2072;"Julian Oliveira Araujo";"BELO HORIZONTE";"MG";"SU"
2082;"Samuel Alves Rocha";"BELO HORIZONTE";"MG";"SU"
2172;"Luan Barbosa Sousa";"BELO HORIZONTE";"MG";"SU"
2182;"Nicole Cunha Azevedo";"BELO HORIZONTE";"MG";"SU"
2192;"Miguel Araujo Silva";"BELO HORIZONTE";"MG";"SU"
2202;"Douglas Castro Alves";"BELO HORIZONTE";"MG";"SU"
2222;"Fernanda Azevedo Melo";"BELO HORIZONTE";"MG";"SU"
2232;"Matilde Gomes Goncalves";"BELO HORIZONTE";"MG";"SU"
2272;"Ágatha Cunha Rodrigues";"BELO HORIZONTE";"MG";"SU"
2282;"Gabriela Rocha Araujo";"BELO HORIZONTE";"MG";"SU"
2292;"João Costa Santos";"BELO HORIZONTE";"MG";"SU"
2402;"Isabella Dias Fernandes";"BELO HORIZONTE";"MG";"SU"
2412;"Beatrice Sousa Pinto";"BELO HORIZONTE";"MG";"SU"
2422;"Sarah Sousa Araujo";"BELO HORIZONTE";"MG";"SU"
2432;"Carla Carvalho Pinto";"BELO HORIZONTE";"MG";"SU"
2442;"Giovanna Fernandes Araujo";"BELO HORIZONTE";"MG";"SU"
2452;"Letícia Costa Cavalcanti";"BELO HORIZONTE";"MG";"SU"
2462;"Giovana Araujo Cavalcanti";"BELO HORIZONTE";"MG";"SU"
2502;"Renan Pereira Rocha";"BELO HORIZONTE";"MG";"SU"
2512;"Rodrigo Pinto Melo";"BELO HORIZONTE";"MG";"SU"
2532;"Anna Fernandes Silva";"BELO HORIZONTE";"MG";"SU"
2592;"Emilly Almeida Dias";"BELO HORIZONTE";"MG";"SU"
2622;"Nicole Carvalho Fernandes";"BELO HORIZONTE";"MG";"SU"
2632;"Anna Gomes Ribeiro";"BELO HORIZONTE";"MG";"SU"
2762;"Isabella Castro Oliveira";"BELO HORIZONTE";"MG";"SU"
2782;"Sarah Dias Rocha";"BELO HORIZONTE";"MG";"SU"
2792;"Nicolash Oliveira Santos";"BELO HORIZONTE";"MG";"SU"
2862;"Tiago Cardoso Cunha";"BELO HORIZONTE";"MG";"SU"
2872;"Aline Costa Alves";"BELO HORIZONTE";"MG";"SU"
2882;"Ágatha Almeida Barros";"BELO HORIZONTE";"MG";"SU"
2962;"Felipe Martins Alves";"BELO HORIZONTE";"MG";"SU"
2972;"Melissa Barbosa Almeida";"BELO HORIZONTE";"MG";"SU"
2982;"Cauã Araujo Fernandes";"BELO HORIZONTE";"MG";"SU"
2992;"Martim Correia Araujo";"BELO HORIZONTE";"MG";"SU"
3002;"Yasmin Cunha Fernandes";"BELO HORIZONTE";"MG";"SU"
3042;"Eduarda Cavalcanti Souza";"BELO HORIZONTE";"MG";"SU"
3152;"Marisa Pinto Fernandes";"BELO HORIZONTE";"MG";"SU"
3212;"João Fernandes Rodrigues";"BELO HORIZONTE";"MG";"SU"
3322;"Felipe Oliveira Dias";"BELO HORIZONTE";"MG";"SU"
3352;"Isabelle Gomes Cardoso";"BELO HORIZONTE";"MG";"SU"
3392;"Anna Araujo Cavalcanti";"BELO HORIZONTE";"MG";"SU"
3482;"Camila Barbosa Azevedo";"BELO HORIZONTE";"MG";"SU"
3552;"Samuel Santos Souza";"BELO HORIZONTE";"MG";"SU"
3712;"Fernanda Cavalcanti Lima";"BELO HORIZONTE";"MG";"SU"
3742;"Daniel Pereira Barbosa";"BELO HORIZONTE";"MG";"SU"
3802;"Rebeca Pinto Melo";"BELO HORIZONTE";"MG";"SU"
3822;"Júlio Lima Fernandes";"BELO HORIZONTE";"MG";"SU"
3862;"Emilly Goncalves Almeida";"BELO HORIZONTE";"MG";"SU"
3992;"Vinicius Lima Dias";"BELO HORIZONTE";"MG";"SU"
4072;"Danilo Dias Costa";"BELO HORIZONTE";"MG";"SU"
4092;"Tânia Rocha Martins";"BELO HORIZONTE";"MG";"SU"
4112;"Vinícius Oliveira Santos";"BELO HORIZONTE";"MG";"SU"
4222;"Igor Carvalho Cardoso";"BELO HORIZONTE";"MG";"SU"
4282;"Evelyn Rocha Martins";"BELO HORIZONTE";"MG";"SU"
4342;"Douglas Melo Correia";"BELO HORIZONTE";"MG";"SU"
4692;"Caio Fernandes Castro";"BELO HORIZONTE";"MG";"SU"
4762;"Luan Gomes Almeida";"BELO HORIZONTE";"MG";"SU"
4812;"Luis Melo Dias";"BELO HORIZONTE";"MG";"SU"
4912;"Manuela Barros Azevedo";"BELO HORIZONTE";"MG";"SU"
5092;"Breno Pereira Cardoso";"BELO HORIZONTE";"MG";"SU"
5132;"Ryan Cavalcanti Santos";"BELO HORIZONTE";"MG";"SU"
5232;"Gabriela Gomes Silva";"BELO HORIZONTE";"MG";"SU"
5992;"Luiza Lima Rocha";"BELO HORIZONTE";"MG";"SU"
6002;"Beatriz Barros Sousa";"BELO HORIZONTE";"MG";"SU"
6692;"Martim Fernandes Correia";"BELO HORIZONTE";"MG";"SU"
62;"Kaua Lima Araujo";"MACHADO";"MG";"SU"
102;"Ágatha Fernandes Oliveira";"PARA DE MINAS";"MG";"SU"
132;"Diego Barros Carvalho";"MACHADO";"MG";"SU"
192;"Kaua Costa Cavalcanti";"MANTENA";"MG";"SU"
282;"Tânia Carvalho Fernandes";"SANTA BARBARA";"MG";"SU"
382;"Sophia Souza Araujo";"SANTA BARBARA";"MG";"SU"
482;"Julia Pereira Araujo";"ITABIRA";"MG";"SU"
662;"Erick Araujo Rodrigues";"SANTA LUZIA";"MG";"SU"
702;"Tomás Goncalves Azevedo";"JUIZ DE FORA";"MG";"SU"
752;"Daniel Correia Melo";"JUIZ DE FORA";"MG";"SU"
982;"Mariana Souza Santos";"TIMOTEO";"MG";"SU"
1432;"Yasmin Costa Pinto";"IGUATAMA";"MG";"SU"
1512;"Ágatha Carvalho Dias";"BAEPENDI";"MG";"SU"
1532;"Lara Melo Costa";"JUIZ DE FORA";"MG";"SU"
1542;"Livia Souza Martins";"ITAOBIM";"MG";"SU"
1622;"Rebeca Melo Cunha";"IPATINGA";"MG";"SU"
1682;"Carlos Santos Melo";"BAEPENDI";"MG";"SU"
2392;"Laura Ferreira Alves";"JUIZ DE FORA";"MG";"SU"
2482;"Alice Cunha Souza";"JUIZ DE FORA";"MG";"SU"
2492;"Evelyn Gomes Oliveira";"VICOSA";"MG";"SU"
2672;"Murilo Oliveira Gomes";"MONTES CLAROS";"MG";"SU"
2772;"Thaís Barbosa Oliveira";"BETIM";"MG";"SU"
2832;"Nicole Azevedo Pinto";"JUIZ DE FORA";"MG";"SU"
2902;"Luiza Castro Gomes";"MANHUACU";"MG";"SU"
3252;"Lucas Goncalves Barros";"MONTES CLAROS";"MG";"SU"
3292;"Matilde Ribeiro Silva";"UBERLANDIA";"MG";"SU"
3382;"Mariana Rodrigues Azevedo";"MIRAI";"MG";"SU"
3522;"Renan Costa Barbosa";"JUIZ DE FORA";"MG";"SU"
3532;"Davi Cardoso Ribeiro";"JUIZ DE FORA";"MG";"SU"
3562;"Isabela Pinto Barros";"PATOS DE MINAS";"MG";"SU"
3592;"Bianca Cunha Souza";"BETIM";"MG";"SU"
3602;"Ryan Cavalcanti Cunha";"BETIM";"MG";"SU"
3812;"Eduarda Melo Oliveira";"CARATINGA";"MG";"SU"
3872;"Rafaela Gomes Silva";"BETIM";"MG";"SU"
3922;"Daniel Azevedo Fernandes";"CONTAGEM";"MG";"SU"
3932;"Julian Souza Pinto";"BETIM";"MG";"SU"
4102;"Vitoria Ferreira Dias";"MURIAE";"MG";"SU"
4162;"Bruna Silva Almeida";"OLIVEIRA";"MG";"SU"
4572;"André Oliveira Lima";"CARANGOLA";"MG";"SU"
4752;"Clara Sousa Ribeiro";"POUSO ALEGRE";"MG";"SU"
4822;"Thiago Costa Rocha";"CATAGUASES";"MG";"SU"
4842;"Maria Ferreira Martins";"PONTE NOVA";"MG";"SU"
5312;"Letícia Lima Santos";"BOM DESPACHO";"MG";"SU"
5332;"Luiza Santos Carvalho";"BOA ESPERANCA";"MG";"SU"
5392;"Miguel Carvalho Pereira";"BOA ESPERANCA";"MG";"SU"
6272;"Miguel Goncalves Carvalho";"JUIZ DE FORA";"MG";"SU"
6302;"Isabela Costa Martins";"ITABIRA";"MG";"SU"
6512;"Luan Alves Carvalho";"ITABIRA";"MG";"SU"
6532;"Thaís Silva Lima";"ITABIRITO";"MG";"SU"
6552;"Sarah Almeida Azevedo";"ITABIRA";"MG";"SU"
6652;"Rodrigo Melo Pereira";"UBERLANDIA";"MG";"SU"
6662;"Bianca Correia Lima";"OLIVEIRA";"MG";"SU"
6672;"Douglas Melo Gomes";"GOVERNADOR VALADARES";"MG";"SU"
6722;"Sofia Ribeiro Carvalho";"ITAUNA";"MG";"SU"
6772;"Leila Barros Araujo";"TRES CORACOES";"MG";"SU"
7552;"Rebeca Ribeiro Barbosa";"JUIZ DE FORA";"MG";"SU"
7652;"Joao Lima Fernandes";"PARA DE MINAS";"MG";"SU"
7722;"Carlos Barbosa Dias";"PARA DE MINAS";"MG";"SU"
7812;"Erick Dias Melo";"JUIZ DE FORA";"MG";"SU"
8082;"Enzo Rodrigues Barros";"IPATINGA";"MG";"SU"
8132;"Diego Cardoso Ferreira";"UBERABA";"MG";"SU"
8252;"Lucas Santos Alves";"PONTE NOVA";"MG";"SU"
8292;"Vitoria Barbosa Dias";"JOAO MONLEVADE";"MG";"SU"
8432;"Sofia Costa Cardoso";"PATOS DE MINAS";"MG";"SU"
8502;"Luís Oliveira Ribeiro";"MACHADO";"MG";"SU"
8582;"Anna Almeida Ribeiro";"BRUMADINHO";"MG";"SU"
8652;"Melissa Fernandes Lima";"ITAMBACURI";"MG";"SU"
8972;"Kaua Cardoso Silva";"ITAUNA";"MG";"SU"
9062;"Marina Martins Barros";"ITABIRA";"MG";"SU"
9112;"Paulo Cardoso Martins";"VARGINHA";"MG";"SU"
9202;"Lara Fernandes Correia";"VARGINHA";"MG";"SU"
9232;"Julia Lima Dias";"VARGINHA";"MG";"SU"
9302;"Tânia Fernandes Rodrigues";"PEDRO LEOPOLDO";"MG";"SU"
9352;"Giovanna Cunha Melo";"GOVERNADOR VALADARES";"MG";"SU"
9442;"Kauê Silva Gomes";"PATOS DE MINAS";"MG";"SU"
9792;"Yasmin Costa Pinto";"JUIZ DE FORA";"MG";"SU"
10602;"Diego Pereira Ferreira";"JUIZ DE FORA";"MG";"SU"
10702;"Ryan Alves Melo";"SAO SEBASTIAO DO PARAISO";"MG";"SU"
10732;"Vitoria Cunha Cardoso";"PASSOS";"MG";"SU"
10742;"Lucas Melo Alves";"CONTAGEM";"MG";"SU"
10882;"Evelyn Gomes Oliveira";"CONTAGEM";"MG";"SU"
10892;"Renan Pereira Rocha";"JANAUBA";"MG";"SU"
10902;"Rodrigo Pinto Melo";"JANAUBA";"MG";"SU"
11132;"Isabella Castro Oliveira";"DIVINOPOLIS";"MG";"SU"
11192;"Nicole Azevedo Pinto";"PATOS DE MINAS";"MG";"SU"
11342;"Melissa Barbosa Almeida";"POMPEU";"MG";"SU"
11522;"Douglas Cardoso Castro";"GOVERNADOR VALADARES";"MG";"SU"
11552;"Rebeca Correia Barbosa";"SANTO ANTONIO DO MONTE";"MG";"SU"
11692;"Luis Santos Alves";"JUIZ DE FORA";"MG";"SU"
11772;"Giovana Almeida Barbosa";"UBERLANDIA";"MG";"SU"
11962;"Rebeca Rodrigues Araujo";"VICOSA";"MG";"SU"
11972;"Mariana Correia Pinto";"JUIZ DE FORA";"MG";"SU"
12102;"Matilde Pereira Pinto";"UBERABA";"MG";"SU"
12202;"Daniel Azevedo Fernandes";"DIVINOPOLIS";"MG";"SU"
12402;"Lavinia Sousa Pinto";"JUIZ DE FORA";"MG";"SU"
12602;"Ana Souza Silva";"UBERLANDIA";"MG";"SU"
12742;"Vinícius Silva Cavalcanti";"UBERLANDIA";"MG";"SU"
12802;"Marina Fernandes Barros";"PIUMHI";"MG";"SU"
12842;"Eduardo Ferreira Santos";"CONSELHEIRO LAFAIETE";"MG";"SU"
12862;"Laura Dias Rocha";"NOVA LIMA";"MG";"SU"
13062;"Luana Silva Santos";"MURIAE";"MG";"SU"
13152;"Luis Melo Dias";"DIAMANTINA";"MG";"SU"
13232;"Enzo Santos Almeida";"ITABIRA";"MG";"SU"
13312;"Julieta Barbosa Castro";"TIMOTEO";"MG";"SU"
13412;"Lara Lima Almeida";"NOVA LIMA";"MG";"SU"
13462;"Gabriela Gomes Silva";"UBERLANDIA";"MG";"SU"
13482;"Victor Dias Costa";"JUIZ DE FORA";"MG";"SU"
13532;"Fábio Castro Souza";"OURO BRANCO";"MG";"SU"
13622;"Miguel Carvalho Pereira";"UBERLANDIA";"MG";"SU"
13672;"Renan Santos Martins";"UBERABA";"MG";"SU"
13772;"Sarah Martins Ferreira";"PATOS DE MINAS";"MG";"SU"
13792;"Yasmin Gomes Cardoso";"NOVA LIMA";"MG";"SU"
13802;"Thaís Carvalho Gomes";"UBERLANDIA";"MG";"SU"
13882;"Raissa Cardoso Azevedo";"NOVA LIMA";"MG";"SU"
13892;"Raissa Goncalves Pereira";"PARA DE MINAS";"MG";"SU"
13972;"Kauan Barros Correia";"MACHADO";"MG";"SU"
14042;"Carlos Gomes Alves";"ITANHANDU";"MG";"SU"
14152;"Paulo Pereira Fernandes";"POUSO ALEGRE";"MG";"SU"
14192;"Livia Costa Cardoso";"UBERABA";"MG";"SU"
14522;"Brenda Barros Santos";"PATOS DE MINAS";"MG";"SU"
14642;"Camila Barbosa Rocha";"MANHUACU";"MG";"SU"
14832;"Raissa Pereira Martins";"LAVRAS";"MG";"SU"
14852;"Ana Gomes Martins";"ITABIRITO";"MG";"SU"
14872;"Bianca Correia Lima";"PATOS DE MINAS";"MG";"SU"
14902;"Martim Fernandes Correia";"JOAO PINHEIRO";"MG";"SU"
14982;"Victor Lima Castro";"CURVELO";"MG";"SU"
15062;"Julian Castro Almeida";"JANUARIA";"MG";"SU"
15232;"Isabella Azevedo Silva";"MONTES CLAROS";"MG";"SU"
15272;"Antônio Lima Cavalcanti";"SAO JOAO DEL REI";"MG";"SU"
15412;"Luiz Fernandes Pinto";"UBERABA";"MG";"SU"
15552;"Brenda Oliveira Rocha";"ITAMBACURI";"MG";"SU"
15652;"Marcos Goncalves Santos";"MONTES CLAROS";"MG";"SU"
15812;"Rebeca Ribeiro Barbosa";"MONTES CLAROS";"MG";"SU"
15932;"Martim Martins Cavalcanti";"UBERLANDIA";"MG";"SU"
16062;"Marina Carvalho Martins";"MURIAE";"MG";"SU"
16082;"Luana Almeida Cunha";"UBERLANDIA";"MG";"SU"
16152;"Luiza Pereira Dias";"PASSOS";"MG";"SU"
16162;"Maria Oliveira Azevedo";"UBA";"MG";"SU"
16172;"Julia Cunha Correia";"UBA";"MG";"SU"
16322;"Sofia Sousa Pinto";"PATOS DE MINAS";"MG";"SU"
16362;"Enzo Rodrigues Barros";"GOVERNADOR VALADARES";"MG";"SU"
16382;"Leonardo Rocha Cavalcanti";"TRES PONTAS";"MG";"SU"
16432;"Enzo Costa Ferreira";"JUIZ DE FORA";"MG";"SU"
16762;"Bianca Alves Sousa";"UBERLANDIA";"MG";"SU"
16772;"Manuela Sousa Gomes";"UBERABA";"MG";"SU"
16882;"Melissa Fernandes Lima";"ITUIUTABA";"MG";"SU"
17062;"Thaís Goncalves Correia";"VARGINHA";"MG";"SU"
17222;"Pedro Ribeiro Barbosa";"PATOS DE MINAS";"MG";"SU"
17242;"Nicolas Cunha Martins";"PATOS DE MINAS";"MG";"SU"
17402;"Rodrigo Silva Almeida";"MONTES CLAROS";"MG";"SU"
17552;"Tânia Fernandes Rodrigues";"GOVERNADOR VALADARES";"MG";"SU"
17662;"Eduarda Pereira Oliveira";"POCOS DE CALDAS";"MG";"SU"
17672;"Alice Correia Castro";"JANUARIA";"MG";"SU"
17702;"Diogo Cunha Cavalcanti";"UBERLANDIA";"MG";"SU"
17852;"Arthur Cavalcanti Ribeiro";"TRES CORACOES";"MG";"SU"
17952;"Giovana Pinto Sousa";"GOVERNADOR VALADARES";"MG";"SU"
18012;"Lara Pinto Barros";"POCOS DE CALDAS";"MG";"SU"
18112;"Sofia Pereira Araujo";"UBERABA";"MG";"SU"
18122;"Gabrielly Barros Goncalves";"UBERLANDIA";"MG";"SU"
18182;"Guilherme Souza Silva";"SETE LAGOAS";"MG";"SU"
18322;"Eduarda Lima Carvalho";"JUIZ DE FORA";"MG";"SU"
18402;"Isabela Carvalho Rodrigues";"UBERLANDIA";"MG";"SU"
18512;"Julia Fernandes Sousa";"VARGINHA";"MG";"SU"
82;"Luís Oliveira Ribeiro";"ARARAQUARA";"SP";"SU"
142;"Kaua Carvalho Almeida";"ARARAQUARA";"SP";"SU"
152;"Isabela Correia Goncalves";"ARARAQUARA";"SP";"SU"
252;"Melissa Fernandes Lima";"SANTA CRUZ DAS PALMEIRAS";"SP";"SU"
262;"Ágatha Silva Rodrigues";"VOTUPORANGA";"SP";"SU"
312;"Marina Barros Fernandes";"ITAPEVA";"SP";"SU"
322;"Antônio Gomes Barbosa";"ITAPEVA";"SP";"SU"
352;"Carlos Silva Cunha";"SANTOS";"SP";"SU"
442;"Thaís Goncalves Correia";"ITATIBA";"SP";"SU"
472;"Tomás Correia Dias";"PIRACAIA";"SP";"SU"
502;"Guilherme Correia Santos";"PIRACICABA";"SP";"SU"
562;"Marisa Dias Ribeiro";"SANTANA DE PARNAIBA";"SP";"SU"
592;"Kaua Cardoso Silva";"ITATIBA";"SP";"SU"
722;"André Carvalho Cunha";"FRANCA";"SP";"SU"
782;"Victor Fernandes Alves";"JUNDIAI";"SP";"SU"
792;"Clara Carvalho Souza";"FRANCA";"SP";"SU"
812;"Sofia Lima Costa";"FRANCA";"SP";"SU"
852;"Julia Lima Dias";"FRANCA";"SP";"SU"
862;"Gabriela Carvalho Lima";"JUNDIAI";"SP";"SU"
882;"Tiago Cavalcanti Martins";"FRANCO DA ROCHA";"SP";"SU"
892;"Mateus Souza Rocha";"JUNDIAI";"SP";"SU"
952;"Isabella Cavalcanti Souza";"FRANCA";"SP";"SU"
1172;"Enzo Martins Pereira";"CAJAMAR";"SP";"SU"
1192;"Raissa Correia Carvalho";"CAMPINAS";"SP";"SU"
1212;"Emilly Santos Gomes";"CAMPINAS";"SP";"SU"
1222;"André Lima Oliveira";"CAMPINAS";"SP";"SU"
1232;"Arthur Cavalcanti Ribeiro";"CAMPINAS";"SP";"SU"
1262;"Breno Pereira Sousa";"CAMPINAS";"SP";"SU"
1272;"Kai Rocha Souza";"CAMPINAS";"SP";"SU"
1302;"Giovana Rodrigues Silva";"CAMPINAS";"SP";"SU"
1312;"João Alves Martins";"CAMPINAS";"SP";"SU"
1322;"Giovana Pinto Sousa";"CAMPINAS";"SP";"SU"
1342;"Rodrigo Silva Araujo";"CAMPINAS";"SP";"SU"
1372;"Camila Carvalho Cardoso";"CAMPINAS";"SP";"SU"
1382;"Lara Pinto Barros";"CAMPINAS";"SP";"SU"
1412;"Vitória Barbosa Ferreira";"INDAIATUBA";"SP";"SU"
1472;"Carla Dias Cavalcanti";"HORTOLANDIA";"SP";"SU"
1502;"Gabrielle Ferreira Cavalcanti";"AVARE";"SP";"SU"
1592;"Júlio Azevedo Sousa";"INDAIATUBA";"SP";"SU"
1612;"Nicolash Dias Melo";"INDAIATUBA";"SP";"SU"
1642;"Igor Souza Gomes";"SANTA BARBARA D'OESTE";"SP";"SU"
1672;"Brenda Sousa Costa";"ATIBAIA";"SP";"SU"
1742;"Marcos Pinto Goncalves";"INDAIATUBA";"SP";"SU"
1752;"Julia Lima Azevedo";"SANTANA DE PARNAIBA";"SP";"SU"
1762;"Emily Cardoso Goncalves";"MOGI MIRIM";"SP";"SU"
2002;"Livia Castro Dias";"PIRACICABA";"SP";"SU"
2092;"Estevan Costa Alves";"PIRACICABA";"SP";"SU"
2122;"Renan Carvalho Martins";"PIRACICABA";"SP";"SU"
2142;"Rebeca Castro Dias";"RIO CLARO";"SP";"SU"
2162;"Miguel Castro Barbosa";"BRAGANCA PAULISTA";"SP";"SU"
2332;"Miguel Rocha Ribeiro";"CAMPINAS";"SP";"SU"
2362;"Enzo Sousa Rodrigues";"PRESIDENTE PRUDENTE";"SP";"SU"
2472;"Camila Sousa Alves";"CAMPINAS";"SP";"SU"
2542;"Beatrice Araujo Azevedo";"PRESIDENTE PRUDENTE";"SP";"SU"
2612;"Matheus Costa Souza";"CARAGUATATUBA";"SP";"SU"
2652;"Luis Costa Correia";"RIBEIRAO PRETO";"SP";"SU"
2702;"Isabella Lima Costa";"JUNDIAI";"SP";"SU"
2712;"Matilde Barros Martins";"MARILIA";"SP";"SU"
2742;"Murilo Dias Alves";"BAURU";"SP";"SU"
2842;"José Cunha Oliveira";"LIMEIRA";"SP";"SU"
3072;"Kauã Costa Almeida";"MOGI DAS CRUZES";"SP";"SU"
3222;"Renan Cavalcanti Rocha";"CAMPINAS";"SP";"SU"
3332;"Luis Santos Alves";"CAMPINAS";"SP";"SU"
3362;"Marina Barbosa Alves";"BOTUCATU";"SP";"SU"
3372;"Emily Alves Goncalves";"CARAGUATATUBA";"SP";"SU"
3442;"Isabela Cavalcanti Costa";"CAMPINAS";"SP";"SU"
3622;"Erick Barbosa Fernandes";"LIMEIRA";"SP";"SU"
3662;"Luan Goncalves Alves";"PIRACAIA";"SP";"SU"
3722;"Victor Rocha Dias";"BOTUCATU";"SP";"SU"
3882;"Júlia Santos Pinto";"CAMPINAS";"SP";"SU"
4032;"Vitor Correia Gomes";"RIBEIRAO PRETO";"SP";"SU"
4062;"Tomás Fernandes Barros";"RIBEIRAO PRETO";"SP";"SU"
4082;"Rebeca Rodrigues Ferreira";"BOTUCATU";"SP";"SU"
4122;"Lavinia Sousa Pinto";"CAMPINAS";"SP";"SU"
4192;"Sofia Cavalcanti Sousa";"CAMPINAS";"SP";"SU"
4252;"Vitoria Rocha Cavalcanti";"BRAGANCA PAULISTA";"SP";"SU"
4352;"Giovanna Araujo Almeida";"CAMPINAS";"SP";"SU"
4402;"Brenda Sousa Rocha";"CARAGUATATUBA";"SP";"SU"
4422;"Vinícius Silva Cavalcanti";"CAMPINAS";"SP";"SU"
4492;"Gabrielle Santos Gomes";"CACAPAVA";"SP";"SU"
4502;"Júlia Lima Ferreira";"CAMPINAS";"SP";"SU"
4552;"Luan Pereira Rodrigues";"SOROCABA";"SP";"SU"
4602;"Beatriz Ferreira Rocha";"CARAGUATATUBA";"SP";"SU"
4982;"Letícia Gomes Souza";"FRANCA";"SP";"SU"
5032;"Leila Sousa Correia";"REGISTRO";"SP";"SU"
5342;"Julia Oliveira Castro";"BRAGANCA PAULISTA";"SP";"SU"
5442;"Renan Santos Martins";"BOTUCATU";"SP";"SU"
5452;"Luis Cunha Barbosa";"BRAGANCA PAULISTA";"SP";"SU"
5582;"Thaís Carvalho Gomes";"ENGENHEIRO COELHO";"SP";"SU"
5652;"Raissa Cardoso Azevedo";"SANTO ANDRE";"SP";"SU"
5772;"Melissa Carvalho Araujo";"PIRACICABA";"SP";"SU"
5942;"Paulo Pereira Fernandes";"SANTA FE DO SUL";"SP";"SU"
5962;"Amanda Almeida Gomes";"SANTO ANDRE";"SP";"SU"
6012;"Guilherme Gomes Ribeiro";"SANTO ANDRE";"SP";"SU"
6022;"Sophia Ribeiro Pereira";"SANTOS";"SP";"SU"
6032;"Luan Souza Carvalho";"SANTO ANDRE";"SP";"SU"
6042;"Lara Dias Melo";"SANTO ANDRE";"SP";"SU"
6092;"Paulo Rocha Sousa";"SANTO ANDRE";"SP";"SU"
6122;"Lavinia Rodrigues Cavalcanti";"SANTO ANDRE";"SP";"SU"
6352;"Nicolas Cavalcanti Castro";"ITAPEVA";"SP";"SU"
6382;"Mariana Goncalves Costa";"FRANCA";"SP";"SU"
6412;"Gabriel Rocha Melo";"ITANHAEM";"SP";"SU"
6452;"Melissa Araujo Correia";"FRANCA";"SP";"SU"
6622;"Raissa Pereira Martins";"ITAPETININGA";"SP";"SU"
6742;"Daniel Araujo Alves";"JALES";"SP";"SU"
7022;"Lavinia Barbosa Pinto";"FRANCA";"SP";"SU"
7632;"Fernanda Fernandes Gomes";"RIBEIRAO PIRES";"SP";"SU"
7992;"Diego Rodrigues Barros";"SAO CARLOS";"SP";"SU"
8012;"Brenda Sousa Santos";"SAO CARLOS";"SP";"SU"
8022;"Eduardo Cardoso Dias";"SOROCABA";"SP";"SU"
8042;"Sofia Sousa Pinto";"SAO CARLOS";"SP";"SU"
8062;"Rebeca Cunha Correia";"SANTOS";"SP";"SU"
8072;"Miguel Araujo Fernandes";"SANTOS";"SP";"SU"
8102;"Leonardo Rocha Cavalcanti";"SANTOS";"SP";"SU"
8142;"Carlos Rocha Araujo";"SAO BERNARDO DO CAMPO";"SP";"SU"
8152;"Diego Cavalcanti Alves";"CAMPINAS";"SP";"SU"
8382;"Rebeca Carvalho Santos";"CAMPINAS";"SP";"SU"
8422;"Eduardo Goncalves Rodrigues";"ITARERE";"SP";"SU"
8452;"Leonor Goncalves Castro";"GUARULHOS";"SP";"SU"
8492;"Júlio Almeida Silva";"CAMPINAS";"SP";"SU"
8892;"Sarah Alves Goncalves";"RIBEIRAO PRETO";"SP";"SU"
8942;"Marisa Dias Ribeiro";"VOTUPORANGA";"SP";"SU"
9012;"Vinícius Costa Cunha";"VINHEDO";"SP";"SU"
9092;"Carolina Almeida Castro";"RIBEIRAO PRETO";"SP";"SU"
9182;"Marisa Sousa Cardoso";"VOTUPORANGA";"SP";"SU"
9692;"Kauã Cardoso Oliveira";"SAO JOSE DOS CAMPOS";"SP";"SU"
9872;"Ágatha Carvalho Dias";"GUARULHOS";"SP";"SU"
9892;"Lara Melo Costa";"SAO JOSE DO RIO PRETO";"SP";"SU"
9932;"Amanda Almeida Santos";"RIBEIRAO PRETO";"SP";"SU"
9942;"Julian Correia Ribeiro";"HORTOLANDIA";"SP";"SU"
10052;"Carlos Santos Melo";"PIRACICABA";"SP";"SU"
10432;"Isabelle Cardoso Melo";"CAMPINAS";"SP";"SU"
10562;"Luan Barbosa Sousa";"SANTOS";"SP";"SU"
10612;"Fernanda Azevedo Melo";"CAMPINAS";"SP";"SU"
10772;"Laura Ferreira Alves";"ITATIBA";"SP";"SU"
10992;"Matheus Costa Souza";"SAO JOAO DA BOA VISTA";"SP";"SU"
11012;"Anna Gomes Ribeiro";"SAO JOSE DO RIO PRETO";"SP";"SU"
11032;"Luis Costa Correia";"SAO JOSE DO RIO PRETO";"SP";"SU"
11042;"Melissa Barbosa Ferreira";"SAO JOSE DO RIO PRETO";"SP";"SU"
11052;"Murilo Oliveira Gomes";"SAO JOSE DO RIO PRETO";"SP";"SU"
11062;"Fábio Oliveira Castro";"CATANDUVA";"SP";"SU"
11072;"Vitoria Barros Souza";"SAO JOSE DO RIO PRETO";"SP";"SU"
11092;"Matilde Barros Martins";"SAO JOSE DO RIO PRETO";"SP";"SU"
11102;"Murilo Martins Pereira";"CATANDUVA";"SP";"SU"
11182;"Erick Castro Cavalcanti";"ITAPOLIS";"SP";"SU"
11232;"Aline Costa Alves";"RIBEIRAO PRETO";"SP";"SU"
11292;"Gabriela Rocha Carvalho";"SOROCABA";"SP";"SU"
11372;"Yasmin Cunha Fernandes";"JUNDIAI";"SP";"SU"
11512;"Marisa Pinto Fernandes";"SAO JOSE DOS CAMPOS";"SP";"SU"
11672;"Evelyn Pereira Azevedo";"COTIA";"SP";"SU"
11702;"Marisa Almeida Cavalcanti";"RIO CLARO";"SP";"SU"
11762;"Miguel Rocha Araujo";"PRESIDENTE PRUDENTE";"SP";"SU"
11842;"Sofia Ribeiro Rocha";"MARILIA";"SP";"SU"
11862;"Renan Costa Barbosa";"SAO JOSE DOS CAMPOS";"SP";"SU"
11982;"Kaua Santos Lima";"SANTOS";"SP";"SU"
12052;"Victor Rocha Dias";"LIMEIRA";"SP";"SU"
12222;"André Ribeiro Souza";"PRAIA GRANDE";"SP";"SU"
12372;"Tânia Rocha Martins";"MARILIA";"SP";"SU"
12462;"Rafaela Pereira Carvalho";"LEME";"SP";"SU"
12492;"Sofia Cavalcanti Sousa";"SANTO ANDRE";"SP";"SU"
12512;"Eduardo Goncalves Castro";"SANTO ANDRE";"SP";"SU"
12562;"Vitória Martins Souza";"JUNDIAI";"SP";"SU"
12582;"Evelyn Rocha Martins";"MARILIA";"SP";"SU"
12702;"Victor Ribeiro Carvalho";"SANTO ANDRE";"SP";"SU"
12722;"Brenda Sousa Rocha";"GUARULHOS";"SP";"SU"
12852;"Leonardo Cardoso Alves";"POA";"SP";"SU"
12902;"André Oliveira Lima";"ORLANDIA";"SP";"SU"
12922;"Samuel Ribeiro Goncalves";"SANTOS";"SP";"SU"
12972;"Leila Cardoso Cunha";"JAU";"SP";"SU"
13022;"Caio Fernandes Castro";"OSASCO";"SP";"SU"
13102;"Thaís Cardoso Oliveira";"DIADEMA";"SP";"SU"
13272;"Julia Barros Rodrigues";"SANTOS";"SP";"SU"
13382;"Mariana Sousa Ferreira";"JUNDIAI";"SP";"SU"
13442;"Luana Correia Ribeiro";"POA";"SP";"SU"
13492;"Felipe Alves Barros";"RIBEIRAO PRETO";"SP";"SU"
14222;"Guilherme Gomes Ribeiro";"LINS";"SP";"SU"
14232;"Sophia Ribeiro Pereira";"FRANCA";"SP";"SU"
14242;"Luan Souza Carvalho";"ITANHAEM";"SP";"SU"
14292;"Paulo Rocha Sousa";"SANTO ANDRE";"SP";"SU"
14462;"Paulo Cunha Gomes";"TAUBATE";"SP";"SU"
14492;"Sofia Oliveira Almeida";"JAU";"SP";"SU"
14542;"Isabela Silva Barros";"MOGI DAS CRUZES";"SP";"SU"
14572;"Danilo Carvalho Azevedo";"JACAREI";"SP";"SU"
14792;"Gabriel Rocha Oliveira";"SANTOS";"SP";"SU"
14822;"Thiago Almeida Correia";"OURINHOS";"SP";"SU"
14932;"Sofia Ribeiro Carvalho";"SAO CAETANO DO SUL";"SP";"SU"
15002;"Rafael Martins Santos";"PRESIDENTE PRUDENTE";"SP";"SU"
15052;"Luiza Melo Barbosa";"RIBEIRAO PIRES";"SP";"SU"
15162;"Manuela Carvalho Silva";"GUARULHOS";"SP";"SU"
15242;"Lavinia Barbosa Pinto";"FRANCA";"SP";"SU"
15332;"Manuela Lima Fernandes";"SANTOS";"SP";"SU"
15502;"Carlos Silva Lima";"VALINHOS";"SP";"SU"
15522;"Carla Silva Araujo";"PIRACICABA";"SP";"SU"
15562;"Douglas Lima Ferreira";"PIRACICABA";"SP";"SU"
15582;"Thiago Ribeiro Rocha";"MARILIA";"SP";"SU"
15762;"Sophia Almeida Castro";"FRANCA";"SP";"SU"
15782;"Julia Araujo Oliveira";"OURINHOS";"SP";"SU"
15942;"Diogo Ribeiro Fernandes";"SANTA RITA DO PASSA QUATR";"SP";"SU"
15962;"Emily Carvalho Fernandes";"TABOAO DA SERRA";"SP";"SU"
16002;"Carlos Barbosa Dias";"INDAIATUBA";"SP";"SU"
16102;"Matilde Oliveira Araujo";"SERTAOZINHO";"SP";"SU"
16182;"Erick Dias Goncalves";"SAO CARLOS";"SP";"SU"
16202;"Martim Martins Melo";"SANTO ANDRE";"SP";"SU"
16262;"Emily Azevedo Cavalcanti";"POA";"SP";"SU"
16282;"João Lima Santos";"PIRACICABA";"SP";"SU"
16292;"Brenda Sousa Santos";"PRESIDENTE PRUDENTE";"SP";"SU"
16832;"João Azevedo Oliveira";"SAO JOSE DOS CAMPOS";"SP";"SU"
17232;"Vitór Melo Azevedo";"SERTAOZINHO";"SP";"SU"
17382;"Daniel Correia Melo";"ORLANDIA";"SP";"SU"
17472;"Pedro Araujo Barros";"JUNDIAI";"SP";"SU"
17612;"Mariana Souza Santos";"SOROCABA";"SP";"SU"
17622;"Matilde Dias Cardoso";"MOGI MIRIM";"SP";"SU"
17642;"Diego Cavalcanti Almeida";"RIBEIRAO PRETO";"SP";"SU"
17712;"Renan Dias Silva";"JAU";"SP";"SU"
17972;"Rodrigo Silva Araujo";"SOROCABA";"SP";"SU"
17992;"Gabriela Barros Santos";"SANTOS";"SP";"SU"
18052;"Marina Dias Goncalves";"SAO JOAO DA BOA VISTA";"SP";"SU"
18072;"Luís Rocha Dias";"VOTORANTIM";"SP";"SU"
18292;"Gabriela Carvalho Cardoso";"TUPA";"SP";"SU"
18332;"Rafaela Pereira Azevedo";"TATUI";"SP";"SU"
18442;"Ágatha Sousa Souza";"SANTO ANDRE";"SP";"SU"
18522;"Samuel Dias Lima";"SAO JOSE DO RIO PRETO";"SP";"SU"
1812;"Ágatha Sousa Souza";"SAO PAULO";"SP";"SU"
1822;"Rebeca Barbosa Araujo";"SAO PAULO";"SP";"SU"
1832;"Rafael Rodrigues Ribeiro";"SAO PAULO";"SP";"SU"
1842;"Lara Carvalho Correia";"SAO PAULO";"SP";"SU"
1852;"Vitoria Cardoso Pereira";"SAO PAULO";"SP";"SU"
1862;"Laura Correia Azevedo";"SAO PAULO";"SP";"SU"
1882;"Julia Fernandes Sousa";"SAO PAULO";"SP";"SU"
1892;"Samuel Dias Lima";"SAO PAULO";"SP";"SU"
1902;"Júlio Oliveira Pinto";"SAO PAULO";"SP";"SU"
1912;"Daniel Silva Castro";"SAO PAULO";"SP";"SU"
1922;"Julian Barros Sousa";"SAO PAULO";"SP";"SU"
2562;"Isabela Cavalcanti Ribeiro";"SAO PAULO";"SP";"SU"
5122;"Carla Dias Melo";"SAO PAULO";"SP";"SU"
5242;"Kaua Correia Araujo";"SAO PAULO";"SP";"SU"
5382;"Luana Silva Oliveira";"SAO PAULO";"SP";"SU"
5462;"Ryan Barros Costa";"SAO PAULO";"SP";"SU"
6392;"Nicole Carvalho Ferreira";"SAO PAULO";"SP";"SU"
6792;"Guilherme Almeida Fernandes";"SAO PAULO";"SP";"SU"
6812;"Igor Costa Silva";"SAO PAULO";"SP";"SU"
6822;"Kauã Almeida Oliveira";"SAO PAULO";"SP";"SU"
6852;"Luiza Melo Barbosa";"SAO PAULO";"SP";"SU"
6862;"Julian Castro Almeida";"SAO PAULO";"SP";"SU"
6872;"Estevan Melo Gomes";"SAO PAULO";"SP";"SU"
6882;"João Gomes Castro";"SAO PAULO";"SP";"SU"
6922;"Luana Santos Ferreira";"SAO PAULO";"SP";"SU"
6952;"Alice Ribeiro Rodrigues";"SAO PAULO";"SP";"SU"
6962;"Manuela Carvalho Silva";"SAO PAULO";"SP";"SU"
6982;"Matilde Santos Ribeiro";"SAO PAULO";"SP";"SU"
6992;"Carlos Costa Pereira";"SAO PAULO";"SP";"SU"
7002;"Lavinia Souza Cardoso";"SAO PAULO";"SP";"SU"
7012;"Isabella Azevedo Silva";"SAO PAULO";"SP";"SU"
7042;"Giovanna Martins Cavalcanti";"SAO PAULO";"SP";"SU"
7062;"Amanda Araujo Melo";"SAO PAULO";"SP";"SU"
7082;"Gabriela Fernandes Rocha";"SAO PAULO";"SP";"SU"
7092;"Luiz Goncalves Ribeiro";"SAO PAULO";"SP";"SU"
7102;"Kauã Silva Rodrigues";"SAO PAULO";"SP";"SU"
7122;"Arthur Ribeiro Cavalcanti";"SAO PAULO";"SP";"SU"
7132;"Marcos Lima Martins";"SAO PAULO";"SP";"SU"
7162;"Ana Souza Almeida";"SAO PAULO";"SP";"SU"
7172;"Bruno Silva Souza";"SAO PAULO";"SP";"SU"
7182;"Luiz Fernandes Pinto";"SAO PAULO";"SP";"SU"
7192;"Julia Araujo Silva";"SAO PAULO";"SP";"SU"
7222;"Miguel Sousa Lima";"SAO PAULO";"SP";"SU"
7232;"Gabriela Lima Pereira";"SAO PAULO";"SP";"SU"
7242;"Julieta Rodrigues Goncalves";"SAO PAULO";"SP";"SU"
7262;"Arthur Azevedo Santos";"SAO PAULO";"SP";"SU"
7292;"Brenda Almeida Barros";"SAO PAULO";"SP";"SU"
7312;"Douglas Lima Ferreira";"SAO PAULO";"SP";"SU"
7322;"Kaua Melo Carvalho";"SAO PAULO";"SP";"SU"
7332;"Thiago Ribeiro Rocha";"SAO PAULO";"SP";"SU"
7362;"Renan Martins Costa";"SAO PAULO";"SP";"SU"
7372;"Bianca Gomes Silva";"SAO PAULO";"SP";"SU"
7382;"Marcos Carvalho Lima";"SAO PAULO";"SP";"SU"
7392;"Rebeca Costa Pereira";"SAO PAULO";"SP";"SU"
7412;"Leonardo Alves Oliveira";"SAO PAULO";"SP";"SU"
7462;"Gabrielly Carvalho Martins";"SAO PAULO";"SP";"SU"
7472;"Caio Cavalcanti Carvalho";"SAO PAULO";"SP";"SU"
7482;"José Cardoso Rodrigues";"SAO PAULO";"SP";"SU"
7522;"Julia Araujo Oliveira";"SAO PAULO";"SP";"SU"
7532;"Gabriel Alves Santos";"SAO PAULO";"SP";"SU"
7562;"Samuel Martins Alves";"SAO PAULO";"SP";"SU"
7572;"Gabriela Araujo Sousa";"SAO PAULO";"SP";"SU"
7582;"Isabelle Barbosa Lima";"SAO PAULO";"SP";"SU"
7612;"Giovanna Sousa Dias";"SAO PAULO";"SP";"SU"
7622;"Gabriel Oliveira Souza";"SAO PAULO";"SP";"SU"
7642;"Kai Alves Martins";"SAO PAULO";"SP";"SU"
7662;"Martim Martins Cavalcanti";"SAO PAULO";"SP";"SU"
7672;"Diogo Ribeiro Fernandes";"SAO PAULO";"SP";"SU"
7682;"Luiza Barros Azevedo";"SAO PAULO";"SP";"SU"
7712;"Brenda Martins Alves";"SAO PAULO";"SP";"SU"
7732;"Luís Barros Rodrigues";"SAO PAULO";"SP";"SU"
7742;"Victor Barros Almeida";"SAO PAULO";"SP";"SU"
7752;"Beatrice Souza Alves";"SAO PAULO";"SP";"SU"
7762;"Raissa Azevedo Rodrigues";"SAO PAULO";"SP";"SU"
7772;"Paulo Correia Barros";"SAO PAULO";"SP";"SU"
8712;"Antônio Gomes Barbosa";"SAO PAULO";"SP";"SU"
9322;"André Barros Carvalho";"SAO PAULO";"SP";"SU"
9342;"Giovana Barros Goncalves";"SAO PAULO";"SP";"SU"
9402;"Luana Silva Martins";"SAO PAULO";"SP";"SU"
9432;"Paulo Martins Silva";"SAO PAULO";"SP";"SU"
9452;"Diogo Cunha Cavalcanti";"SAO PAULO";"SP";"SU"
9622;"Breno Pereira Sousa";"SAO PAULO";"SP";"SU"
9702;"Rodrigo Silva Araujo";"SAO PAULO";"SP";"SU"
9852;"Gabrielly Barros Goncalves";"SAO PAULO";"SP";"SU"
10082;"Estevan Dias Cardoso";"SAO PAULO";"SP";"SU"
10662;"Ágatha Cunha Rodrigues";"SAO PAULO";"SP";"SU"
10722;"Miguel Rocha Ribeiro";"SAO PAULO";"SP";"SU"
10852;"Camila Sousa Alves";"SAO PAULO";"SP";"SU"
10942;"Larissa Sousa Pereira";"SAO PAULO";"SP";"SU"
11202;"José Cunha Oliveira";"SAO PAULO";"SP";"SU"
11252;"Caio Ribeiro Correia";"SAO PAULO";"SP";"SU"
11262;"Luiza Castro Gomes";"SAO PAULO";"SP";"SU"
11312;"Gabrielle Dias Souza";"SAO PAULO";"SP";"SU"
11382;"Beatriz Alves Azevedo";"SAO PAULO";"SP";"SU"
11392;"Renan Castro Gomes";"SAO PAULO";"SP";"SU"
11412;"Eduarda Cavalcanti Souza";"SAO PAULO";"SP";"SU"
11432;"Sofia Castro Araujo";"SAO PAULO";"SP";"SU"
11872;"Davi Cardoso Ribeiro";"SAO PAULO";"SP";"SU"
12042;"Fernanda Cavalcanti Lima";"SAO PAULO";"SP";"SU"
12412;"Camila Pinto Pereira";"SAO PAULO";"SP";"SU"
12992;"Diego Azevedo Cardoso";"SAO PAULO";"SP";"SU"
13012;"Gabriela Castro Azevedo";"SAO PAULO";"SP";"SU"
13142;"Mariana Martins Azevedo";"SAO PAULO";"SP";"SU"
13422;"Fábio Barbosa Cavalcanti";"SAO PAULO";"SP";"SU"
13572;"Raissa Rocha Lima";"SAO PAULO";"SP";"SU"
13812;"Kai Pereira Goncalves";"SAO PAULO";"SP";"SU"
13822;"Carolina Castro Ribeiro";"SAO PAULO";"SP";"SU"
14022;"Vinicius Barros Rodrigues";"SAO PAULO";"SP";"SU"
14182;"Raissa Melo Souza";"SAO PAULO";"SP";"SU"
14302;"Lara Barbosa Santos";"SAO PAULO";"SP";"SU"
14652;"Marisa Santos Barros";"SAO PAULO";"SP";"SU"
15132;"Julieta Pereira Dias";"SAO PAULO";"SP";"SU"
15142;"Gabrielly Ferreira Costa";"SAO PAULO";"SP";"SU"
15392;"Ana Souza Almeida";"SAO PAULO";"SP";"SU"
15842;"Isabelle Barbosa Lima";"SAO PAULO";"SP";"SU"
15852;"Giovana Cavalcanti Rocha";"SAO PAULO";"SP";"SU"
15922;"Joao Lima Fernandes";"SAO PAULO";"SP";"SU"
15992;"Brenda Martins Alves";"SAO PAULO";"SP";"SU"
16012;"Luís Barros Rodrigues";"SAO PAULO";"SP";"SU"
16252;"Lucas Martins Cavalcanti";"SAO PAULO";"SP";"SU"
16392;"Thiago Barbosa Oliveira";"SAO PAULO";"SP";"SU"
16462;"Brenda Melo Souza";"SAO PAULO";"SP";"SU"
16472;"Isabelle Rocha Barbosa";"SAO PAULO";"SP";"SU"
16542;"Vitoria Barbosa Dias";"SAO PAULO";"SP";"SU"
16602;"Vitor Rodrigues Goncalves";"SAO PAULO";"SP";"SU"
16682;"Leonor Goncalves Castro";"SAO PAULO";"SP";"SU"
16872;"Brenda Araujo Souza";"SAO PAULO";"SP";"SU"
16902;"Tânia Carvalho Fernandes";"SAO PAULO";"SP";"SU"
16912;"Júlio Carvalho Sousa";"SAO PAULO";"SP";"SU"
17002;"Sophia Souza Araujo";"SAO PAULO";"SP";"SU"
17092;"Julia Pereira Araujo";"SAO PAULO";"SP";"SU"
17202;"Kauan Araujo Cardoso";"SAO PAULO";"SP";"SU"
17262;"Diego Araujo Lima";"SAO PAULO";"SP";"SU"
17372;"Rebeca Azevedo Araujo";"SAO PAULO";"SP";"SU"
17682;"Paulo Martins Silva";"SAO PAULO";"SP";"SU"
17822;"Anna Costa Souza";"SAO PAULO";"SP";"SU"
18002;"Camila Carvalho Cardoso";"SAO PAULO";"SP";"SU"
18202;"Amanda Almeida Santos";"SAO PAULO";"SP";"SU"
18242;"Nicolash Dias Melo";"SAO PAULO";"SP";"SU"
18382;"Julia Lima Azevedo";"SAO PAULO";"SP";"SU"
